id_nodo,latitud,longitud,tipo,estado
N001,-16.23,-71.21,tubo,transitable
N002,-16.24,-71.215,tubo,obstaculo
N003,-16.235,-71.212,tubo,transitable
N004,-16.238,-71.218,tubo,transitable
N005,-16.242,-71.22,tubo,transitable
N006,-16.4303,-71.5279,tubo,transitable
D001,-16.364958,-71.51416,tubo,transitable
D002,-16.370273,-71.502447,valvula,transitable
D003,-16.379945,-71.515085,tubo,obstaculo
D004,-16.435758,-71.526752,valvula,transitable
D005,-16.36272,-71.534664,tubo,obstaculo
D006,-16.41516,-71.510154,tubo,obstaculo
D007,-16.409865,-71.525276,tubo,obstaculo
D008,-16.412847,-71.576917,tubo,transitable
D009,-16.380314,-71.579748,valvula,obstaculo
D010,-16.35344,-71.551001,tubo,transitable
D011,-16.408794,-71.561177,valvula,transitable
D012,-16.442643,-71.585,tubo,transitable
D013,-16.382866,-71.503609,tubo,transitable
D014,-16.444771,-71.554057,tubo,transitable
D015,-16.380238,-71.514596,tubo,transitable
D016,-16.413733,-71.525497,tubo,transitable
D017,-16.386671,-71.595241,tubo,transitable
D018,-16.417871,-71.596152,tubo,transitable
D019,-16.429111,-71.571154,bomba,transitable
D020,-16.370379,-71.564085,tubo,obstaculo
D021,-16.428599,-71.573277,tubo,transitable
D022,-16.436765,-71.520147,tubo,transitable
D023,-16.37821,-71.548942,tubo,obstaculo
D024,-16.435784,-71.524333,bomba,transitable
D025,-16.417014,-71.539851,valvula,transitable
D026,-16.357676,-71.506606,valvula,transitable
D027,-16.392035,-71.57394,tubo,transitable
D028,-16.395603,-71.56786,bomba,transitable
D029,-16.352132,-71.569074,tubo,obstaculo
D030,-16.373359,-71.552408,bomba,transitable
D031,-16.4132,-71.553204,tubo,transitable
D032,-16.360691,-71.544334,tubo,obstaculo
D033,-16.413072,-71.545891,tubo,obstaculo
D034,-16.368873,-71.517548,tubo,transitable
D035,-16.373364,-71.559383,bomba,obstaculo
D036,-16.355776,-71.507539,tubo,transitable
D037,-16.38029,-71.51805,tubo,transitable
D038,-16.415138,-71.526068,tubo,transitable
D039,-16.36925,-71.517465,valvula,transitable
D040,-16.433384,-71.563996,valvula,transitable
D041,-16.429615,-71.529832,valvula,obstaculo
D042,-16.409115,-71.519461,tubo,transitable
D043,-16.4116,-71.571789,tubo,transitable
D044,-16.350614,-71.53212,tubo,transitable
D045,-16.419096,-71.567931,tubo,transitable
D046,-16.355657,-71.55092,valvula,transitable
D047,-16.359038,-71.573147,valvula,transitable
D048,-16.40236,-71.544357,valvula,transitable
D049,-16.352398,-71.500181,tubo,obstaculo
D050,-16.371533,-71.545118,valvula,transitable
D051,-16.361971,-71.54978,tubo,transitable
D052,-16.444292,-71.542081,tubo,transitable
D053,-16.354453,-71.524874,tubo,obstaculo
D054,-16.360824,-71.585139,tubo,transitable
D055,-16.387261,-71.5046,bomba,transitable
D056,-16.419101,-71.571768,valvula,obstaculo
D057,-16.384621,-71.550854,bomba,obstaculo
D058,-16.403999,-71.566705,bomba,transitable
D059,-16.395302,-71.590273,tubo,transitable
D060,-16.432278,-71.592367,bomba,transitable
D061,-16.398002,-71.55167,valvula,transitable
D062,-16.386931,-71.570754,bomba,obstaculo
D063,-16.443305,-71.585262,tubo,transitable
D064,-16.424833,-71.57413,valvula,transitable
D065,-16.417571,-71.589552,valvula,obstaculo
D066,-16.366112,-71.591684,tubo,transitable
D067,-16.440676,-71.567025,valvula,obstaculo
D068,-16.402385,-71.549975,tubo,transitable
D069,-16.358119,-71.571511,tubo,transitable
D070,-16.432021,-71.512278,tubo,transitable
D071,-16.359273,-71.579308,tubo,transitable
D072,-16.411597,-71.572525,tubo,transitable
D073,-16.356426,-71.554631,bomba,obstaculo
D074,-16.377554,-71.562102,tubo,transitable
D075,-16.371381,-71.552391,bomba,obstaculo
D076,-16.396891,-71.525688,tubo,transitable
D077,-16.39657,-71.584511,valvula,transitable
D078,-16.411944,-71.562311,tubo,obstaculo
D079,-16.38684,-71.516141,tubo,transitable
D080,-16.414908,-71.545132,tubo,transitable
D081,-16.352595,-71.535867,valvula,transitable
D082,-16.431668,-71.571429,tubo,transitable
D083,-16.373672,-71.554353,tubo,obstaculo
D084,-16.418604,-71.578523,valvula,obstaculo
D085,-16.435659,-71.57503,bomba,transitable
D086,-16.382695,-71.58302,bomba,transitable
D087,-16.368929,-71.570116,tubo,transitable
D088,-16.432705,-71.518621,valvula,transitable
D089,-16.423687,-71.569191,bomba,transitable
D090,-16.418669,-71.590209,bomba,transitable
D091,-16.427463,-71.508013,tubo,transitable
D092,-16.366763,-71.521183,tubo,transitable
D093,-16.41083,-71.591382,bomba,obstaculo
D094,-16.356691,-71.506846,bomba,transitable
D095,-16.400295,-71.505845,tubo,transitable
D096,-16.431616,-71.593513,valvula,transitable
D097,-16.37225,-71.564351,tubo,transitable
D098,-16.440987,-71.521243,bomba,transitable
D099,-16.449955,-71.549147,tubo,transitable
D100,-16.366355,-71.589997,tubo,transitable
D001,-16.420967,-71.534665,tubo,obstaculo
D002,-16.368584,-71.523658,valvula,transitable
D003,-16.384606,-71.577574,tubo,transitable
D004,-16.416773,-71.566826,bomba,transitable
D005,-16.361995,-71.547185,tubo,transitable
D006,-16.360855,-71.567581,tubo,transitable
D007,-16.391247,-71.501932,bomba,transitable
D008,-16.386312,-71.584638,bomba,transitable
D009,-16.369242,-71.594921,tubo,transitable
D010,-16.42129,-71.5507,bomba,transitable
D011,-16.350936,-71.546403,tubo,transitable
D012,-16.370139,-71.586722,tubo,obstaculo
D013,-16.351606,-71.592615,tubo,transitable
D014,-16.429122,-71.590281,bomba,transitable
D015,-16.358635,-71.551338,tubo,transitable
D016,-16.388805,-71.515639,bomba,obstaculo
D017,-16.436408,-71.546567,tubo,transitable
D018,-16.41522,-71.535152,bomba,transitable
D019,-16.442977,-71.599484,tubo,transitable
D020,-16.422111,-71.538279,valvula,transitable
D021,-16.410222,-71.521619,tubo,transitable
D022,-16.4155,-71.533975,tubo,transitable
D023,-16.360593,-71.556759,tubo,transitable
D024,-16.433719,-71.520132,bomba,transitable
D025,-16.386006,-71.597605,tubo,transitable
D026,-16.430272,-71.577795,tubo,obstaculo
D027,-16.379521,-71.514134,tubo,transitable
D028,-16.42773,-71.549225,tubo,transitable
D029,-16.438791,-71.510305,tubo,transitable
D030,-16.425725,-71.519483,bomba,obstaculo
D031,-16.434257,-71.577244,tubo,transitable
D032,-16.412251,-71.505832,tubo,transitable
D033,-16.370736,-71.594977,tubo,transitable
D034,-16.355214,-71.56358,valvula,obstaculo
D035,-16.384803,-71.511905,bomba,transitable
D036,-16.365539,-71.54848,valvula,obstaculo
D037,-16.395179,-71.557878,valvula,transitable
D038,-16.41887,-71.543838,tubo,transitable
D039,-16.37677,-71.538328,bomba,transitable
D040,-16.405159,-71.543882,tubo,transitable
D041,-16.430902,-71.550661,bomba,transitable
D042,-16.374337,-71.580905,tubo,transitable
D043,-16.442945,-71.579706,valvula,transitable
D044,-16.365718,-71.551815,tubo,transitable
D045,-16.402742,-71.599329,bomba,transitable
D046,-16.383334,-71.583345,valvula,transitable
D047,-16.42106,-71.573019,valvula,obstaculo
D048,-16.422054,-71.508754,tubo,transitable
D049,-16.368442,-71.547166,valvula,transitable
D050,-16.400811,-71.563073,tubo,transitable
D051,-16.397219,-71.559651,tubo,transitable
D052,-16.365775,-71.527222,valvula,transitable
D053,-16.414733,-71.554636,bomba,transitable
D054,-16.354272,-71.560344,tubo,transitable
D055,-16.449329,-71.57337,bomba,transitable
D056,-16.381818,-71.592173,valvula,transitable
D057,-16.421326,-71.522462,tubo,transitable
D058,-16.432822,-71.592514,tubo,obstaculo
D059,-16.354667,-71.539897,tubo,transitable
D060,-16.435227,-71.545587,tubo,transitable
D061,-16.447508,-71.56286,tubo,obstaculo
D062,-16.409676,-71.503143,tubo,transitable
D063,-16.353205,-71.557872,tubo,transitable
D064,-16.360906,-71.581933,tubo,transitable
D065,-16.443752,-71.538495,tubo,transitable
D066,-16.353987,-71.503421,tubo,transitable
D067,-16.404464,-71.520955,tubo,obstaculo
D068,-16.365624,-71.572013,valvula,transitable
D069,-16.387706,-71.579198,valvula,obstaculo
D070,-16.354673,-71.556024,bomba,obstaculo
D071,-16.425649,-71.587692,bomba,transitable
D072,-16.404313,-71.57919,tubo,transitable
D073,-16.444965,-71.523546,tubo,transitable
D074,-16.432282,-71.541785,valvula,transitable
D075,-16.410434,-71.575318,tubo,obstaculo
D076,-16.363524,-71.506659,bomba,transitable
D077,-16.438427,-71.586761,valvula,transitable
D078,-16.395019,-71.57692,valvula,transitable
D079,-16.442541,-71.529864,bomba,transitable
D080,-16.391,-71.563147,tubo,transitable
D081,-16.373399,-71.521047,tubo,transitable
D082,-16.431319,-71.500368,tubo,obstaculo
D083,-16.375881,-71.580978,tubo,transitable
D084,-16.352022,-71.578351,valvula,transitable
D085,-16.426522,-71.509285,valvula,transitable
D086,-16.351163,-71.556999,tubo,transitable
D087,-16.401711,-71.502746,valvula,transitable
D088,-16.394316,-71.576415,bomba,obstaculo
D089,-16.403652,-71.577186,tubo,transitable
D090,-16.392671,-71.560198,tubo,transitable
D091,-16.395797,-71.552496,bomba,transitable
D092,-16.381456,-71.572562,bomba,obstaculo
D093,-16.431265,-71.562522,bomba,transitable
D094,-16.387236,-71.575503,tubo,transitable
D095,-16.395685,-71.564138,tubo,transitable
D096,-16.402254,-71.500549,tubo,transitable
D097,-16.4184,-71.597702,tubo,transitable
D098,-16.409099,-71.577523,tubo,transitable
D099,-16.366257,-71.526701,bomba,transitable
D100,-16.364008,-71.515321,tubo,transitable
D001,-16.361389,-71.508625,bomba,transitable
D002,-16.376802,-71.575709,valvula,transitable
D003,-16.353,-71.509388,tubo,transitable
D004,-16.40926,-71.554506,valvula,transitable
D005,-16.409244,-71.575964,tubo,transitable
D006,-16.448733,-71.507744,tubo,obstaculo
D007,-16.439151,-71.592421,valvula,obstaculo
D008,-16.391698,-71.549183,tubo,transitable
D009,-16.36224,-71.564917,valvula,transitable
D010,-16.402139,-71.504713,tubo,obstaculo
D011,-16.357638,-71.573845,valvula,obstaculo
D012,-16.372879,-71.543868,bomba,obstaculo
D013,-16.444782,-71.506761,tubo,transitable
D014,-16.386054,-71.532878,tubo,transitable
D015,-16.403788,-71.519883,valvula,obstaculo
D016,-16.406025,-71.548976,tubo,transitable
D017,-16.403058,-71.521044,bomba,transitable
D018,-16.382621,-71.591486,valvula,transitable
D019,-16.433304,-71.524695,tubo,transitable
D020,-16.367009,-71.575597,valvula,transitable
D021,-16.367726,-71.511178,bomba,transitable
D022,-16.35633,-71.574924,bomba,transitable
D023,-16.355869,-71.580869,valvula,transitable
D024,-16.448221,-71.564446,tubo,transitable
D025,-16.436595,-71.546483,tubo,transitable
D026,-16.380728,-71.546023,valvula,obstaculo
D027,-16.361657,-71.578943,tubo,transitable
D028,-16.435933,-71.552072,bomba,obstaculo
D029,-16.362187,-71.561713,valvula,transitable
D030,-16.351895,-71.547201,valvula,transitable
D031,-16.399813,-71.580307,bomba,transitable
D032,-16.354235,-71.572786,valvula,transitable
D033,-16.359365,-71.587278,valvula,transitable
D034,-16.379921,-71.598066,bomba,obstaculo
D035,-16.373025,-71.567112,tubo,transitable
D036,-16.387772,-71.510649,tubo,obstaculo
D037,-16.37805,-71.588533,tubo,transitable
D038,-16.393489,-71.519719,tubo,transitable
D039,-16.419481,-71.558147,valvula,transitable
D040,-16.378149,-71.515457,valvula,transitable
D041,-16.358424,-71.568365,tubo,transitable
D042,-16.405558,-71.598196,valvula,transitable
D043,-16.373209,-71.501257,tubo,transitable
D044,-16.397174,-71.579991,tubo,transitable
D045,-16.432069,-71.531434,valvula,obstaculo
D046,-16.387332,-71.592387,tubo,transitable
D047,-16.368417,-71.553335,valvula,transitable
D048,-16.374677,-71.543402,bomba,obstaculo
D049,-16.369811,-71.553357,bomba,transitable
D050,-16.448575,-71.500895,tubo,obstaculo
D051,-16.414983,-71.583963,tubo,obstaculo
D052,-16.443465,-71.503623,tubo,obstaculo
D053,-16.392396,-71.568532,bomba,obstaculo
D054,-16.418159,-71.508867,tubo,transitable
D055,-16.390724,-71.558709,tubo,transitable
D056,-16.386363,-71.506996,bomba,transitable
D057,-16.374973,-71.580175,valvula,transitable
D058,-16.421714,-71.55854,bomba,transitable
D059,-16.355116,-71.538921,tubo,transitable
D060,-16.352021,-71.524365,tubo,obstaculo
D061,-16.37102,-71.50157,bomba,transitable
D062,-16.408347,-71.582332,bomba,obstaculo
D063,-16.416896,-71.55197,tubo,transitable
D064,-16.380633,-71.566314,tubo,obstaculo
D065,-16.424766,-71.587647,tubo,obstaculo
D066,-16.390709,-71.515412,tubo,obstaculo
D067,-16.444621,-71.56343,valvula,transitable
D068,-16.369605,-71.529938,valvula,transitable
D069,-16.358032,-71.567805,valvula,transitable
D070,-16.447284,-71.543131,bomba,transitable
D071,-16.427282,-71.508646,tubo,transitable
D072,-16.372903,-71.586931,tubo,obstaculo
D073,-16.387701,-71.502469,tubo,transitable
D074,-16.393729,-71.525563,bomba,transitable
D075,-16.363928,-71.548497,tubo,transitable
D076,-16.409093,-71.563782,bomba,transitable
D077,-16.411537,-71.539224,bomba,transitable
D078,-16.43447,-71.523302,tubo,transitable
D079,-16.403027,-71.585434,valvula,transitable
D080,-16.365041,-71.518488,tubo,transitable
D081,-16.417552,-71.59888,bomba,obstaculo
D082,-16.415133,-71.542371,bomba,transitable
D083,-16.353042,-71.593907,tubo,transitable
D084,-16.384264,-71.531611,tubo,transitable
D085,-16.411186,-71.547562,valvula,transitable
D086,-16.425408,-71.560023,bomba,transitable
D087,-16.397729,-71.522999,bomba,obstaculo
D088,-16.426647,-71.551582,valvula,transitable
D089,-16.429927,-71.567589,bomba,transitable
D090,-16.418754,-71.524903,bomba,transitable
D091,-16.427451,-71.548363,tubo,transitable
D092,-16.437915,-71.570157,bomba,obstaculo
D093,-16.426281,-71.5901,tubo,obstaculo
D094,-16.41727,-71.531792,tubo,obstaculo
D095,-16.368336,-71.59351,valvula,obstaculo
D096,-16.360005,-71.527403,tubo,transitable
D097,-16.429284,-71.532598,tubo,transitable
D098,-16.389596,-71.555545,valvula,transitable
D099,-16.420557,-71.530694,tubo,transitable
D100,-16.357963,-71.590024,tubo,transitable
D001,-16.397457,-71.580908,tubo,transitable
D002,-16.430364,-71.522386,tubo,transitable
D003,-16.380445,-71.551561,bomba,transitable
D004,-16.398411,-71.592002,bomba,transitable
D005,-16.361416,-71.553836,bomba,transitable
D006,-16.400728,-71.544499,valvula,obstaculo
D007,-16.443545,-71.587024,bomba,transitable
D008,-16.355788,-71.528736,valvula,transitable
D009,-16.358008,-71.595297,tubo,transitable
D010,-16.427585,-71.53768,tubo,transitable
D011,-16.350947,-71.585866,bomba,transitable
D012,-16.358516,-71.581383,valvula,transitable
D013,-16.446402,-71.566118,valvula,transitable
D014,-16.358939,-71.538939,bomba,transitable
D015,-16.368069,-71.570959,tubo,transitable
D016,-16.380716,-71.520802,valvula,transitable
D017,-16.437669,-71.505125,valvula,transitable
D018,-16.410889,-71.560661,tubo,transitable
D019,-16.394562,-71.550068,bomba,obstaculo
D020,-16.442361,-71.51546,valvula,obstaculo
D021,-16.416186,-71.590708,tubo,transitable
D022,-16.362814,-71.502909,tubo,transitable
D023,-16.449472,-71.561533,tubo,transitable
D024,-16.394267,-71.53684,tubo,transitable
D025,-16.408559,-71.594882,valvula,transitable
D026,-16.367026,-71.576141,tubo,obstaculo
D027,-16.393363,-71.541689,tubo,transitable
D028,-16.442642,-71.578417,valvula,transitable
D029,-16.36006,-71.557464,tubo,transitable
D030,-16.376344,-71.589439,tubo,transitable
D031,-16.36696,-71.569304,tubo,transitable
D032,-16.38676,-71.546967,tubo,transitable
D033,-16.410822,-71.514767,bomba,obstaculo
D034,-16.368164,-71.507735,tubo,transitable
D035,-16.397814,-71.549488,valvula,obstaculo
D036,-16.436399,-71.585382,tubo,transitable
D037,-16.363111,-71.548603,tubo,transitable
D038,-16.393133,-71.52262,tubo,obstaculo
D039,-16.366009,-71.575569,tubo,transitable
D040,-16.408899,-71.599407,bomba,obstaculo
D041,-16.431094,-71.590247,tubo,transitable
D042,-16.369309,-71.543018,tubo,transitable
D043,-16.373888,-71.511982,bomba,transitable
D044,-16.441645,-71.555927,valvula,transitable
D045,-16.352292,-71.550581,tubo,transitable
D046,-16.393973,-71.545112,tubo,transitable
D047,-16.42482,-71.585256,valvula,transitable
D048,-16.370111,-71.579152,tubo,transitable
D049,-16.431473,-71.534536,tubo,obstaculo
D050,-16.390303,-71.587694,tubo,transitable
D051,-16.372777,-71.518385,tubo,obstaculo
D052,-16.420702,-71.552353,tubo,transitable
D053,-16.439818,-71.587735,tubo,transitable
D054,-16.446222,-71.555351,tubo,transitable
D055,-16.40122,-71.517177,tubo,obstaculo
D056,-16.441557,-71.561644,tubo,transitable
D057,-16.359915,-71.523558,tubo,transitable
D058,-16.40723,-71.585694,tubo,transitable
D059,-16.36043,-71.537134,valvula,transitable
D060,-16.399249,-71.565554,bomba,obstaculo
D061,-16.447437,-71.586296,valvula,transitable
D062,-16.401405,-71.572886,valvula,obstaculo
D063,-16.380722,-71.52875,bomba,obstaculo
D064,-16.380673,-71.5777,tubo,transitable
D065,-16.414562,-71.590756,tubo,obstaculo
D066,-16.369892,-71.582638,tubo,transitable
D067,-16.367272,-71.570196,tubo,transitable
D068,-16.403975,-71.563578,valvula,transitable
D069,-16.358884,-71.564243,valvula,transitable
D070,-16.439823,-71.558285,bomba,obstaculo
D071,-16.377921,-71.509018,bomba,transitable
D072,-16.354782,-71.588264,bomba,transitable
D073,-16.364735,-71.526988,bomba,obstaculo
D074,-16.398612,-71.512561,bomba,obstaculo
D075,-16.391719,-71.596556,valvula,transitable
D076,-16.395037,-71.591628,valvula,obstaculo
D077,-16.432671,-71.569515,tubo,transitable
D078,-16.367064,-71.595182,tubo,transitable
D079,-16.353776,-71.518877,tubo,transitable
D080,-16.443044,-71.502381,tubo,transitable
D081,-16.422819,-71.517597,bomba,transitable
D082,-16.424585,-71.582313,tubo,transitable
D083,-16.380596,-71.531409,valvula,transitable
D084,-16.368297,-71.574767,tubo,transitable
D085,-16.4002,-71.566971,bomba,transitable
D086,-16.370023,-71.503175,bomba,obstaculo
D087,-16.418836,-71.5165,bomba,transitable
D088,-16.396816,-71.542524,tubo,transitable
D089,-16.446358,-71.505592,bomba,transitable
D090,-16.383499,-71.525034,tubo,transitable
D091,-16.377739,-71.559736,tubo,obstaculo
D092,-16.374496,-71.576501,tubo,transitable
D093,-16.374199,-71.566054,valvula,obstaculo
D094,-16.350932,-71.563445,valvula,obstaculo
D095,-16.416767,-71.58246,valvula,obstaculo
D096,-16.368124,-71.552032,valvula,transitable
D097,-16.413294,-71.581071,tubo,transitable
D098,-16.391348,-71.573101,tubo,transitable
D099,-16.408857,-71.594773,tubo,transitable
D100,-16.412249,-71.592763,tubo,transitable
D001,-16.411039,-71.59658,valvula,transitable
D002,-16.362437,-71.591648,tubo,transitable
D003,-16.395317,-71.540521,valvula,obstaculo
D004,-16.386062,-71.56432,tubo,obstaculo
D005,-16.389996,-71.551316,tubo,transitable
D006,-16.394784,-71.576692,tubo,transitable
D007,-16.418084,-71.569389,tubo,transitable
D008,-16.370427,-71.567197,valvula,obstaculo
D009,-16.423836,-71.585636,bomba,transitable
D010,-16.419963,-71.561318,tubo,transitable
D011,-16.440565,-71.523989,valvula,transitable
D012,-16.388777,-71.540757,tubo,transitable
D013,-16.422763,-71.527693,bomba,transitable
D014,-16.36118,-71.565605,tubo,transitable
D015,-16.353497,-71.52103,tubo,obstaculo
D016,-16.395157,-71.555317,tubo,transitable
D017,-16.370272,-71.566323,tubo,transitable
D018,-16.379419,-71.570757,tubo,obstaculo
D019,-16.416769,-71.540915,valvula,transitable
D020,-16.413775,-71.572543,tubo,transitable
D021,-16.416244,-71.501419,tubo,transitable
D022,-16.432,-71.50587,bomba,transitable
D023,-16.369694,-71.567295,bomba,transitable
D024,-16.440994,-71.573276,tubo,obstaculo
D025,-16.395167,-71.506307,tubo,transitable
D026,-16.444219,-71.518149,tubo,transitable
D027,-16.430529,-71.519163,tubo,transitable
D028,-16.422899,-71.509598,tubo,transitable
D029,-16.431747,-71.505767,bomba,transitable
D030,-16.380776,-71.591942,valvula,transitable
D031,-16.374976,-71.522499,bomba,obstaculo
D032,-16.366521,-71.501788,valvula,transitable
D033,-16.418932,-71.536218,tubo,obstaculo
D034,-16.381718,-71.503489,tubo,obstaculo
D035,-16.425709,-71.543377,valvula,transitable
D036,-16.40662,-71.51882,valvula,obstaculo
D037,-16.350171,-71.567371,tubo,transitable
D038,-16.39401,-71.581421,tubo,transitable
D039,-16.430867,-71.586926,valvula,transitable
D040,-16.446564,-71.587679,tubo,obstaculo
D041,-16.37705,-71.505803,tubo,obstaculo
D042,-16.376766,-71.559691,tubo,transitable
D043,-16.393492,-71.551073,tubo,transitable
D044,-16.426451,-71.555553,valvula,transitable
D045,-16.397208,-71.56726,bomba,obstaculo
D046,-16.407842,-71.587534,tubo,obstaculo
D047,-16.405774,-71.57757,tubo,obstaculo
D048,-16.36349,-71.508964,bomba,transitable
D049,-16.390281,-71.591367,tubo,obstaculo
D050,-16.4262,-71.570173,tubo,obstaculo
D051,-16.398378,-71.59613,valvula,obstaculo
D052,-16.394608,-71.599453,valvula,obstaculo
D053,-16.403339,-71.532715,bomba,transitable
D054,-16.400228,-71.522519,tubo,obstaculo
D055,-16.432231,-71.534622,tubo,transitable
D056,-16.405537,-71.519091,bomba,obstaculo
D057,-16.405583,-71.51087,tubo,transitable
D058,-16.432435,-71.564129,bomba,transitable
D059,-16.385801,-71.50262,bomba,transitable
D060,-16.379311,-71.505581,valvula,transitable
D061,-16.421107,-71.517678,tubo,transitable
D062,-16.371804,-71.520664,tubo,transitable
D063,-16.376512,-71.583479,valvula,transitable
D064,-16.401539,-71.550514,tubo,transitable
D065,-16.38588,-71.561761,tubo,obstaculo
D066,-16.396666,-71.554018,tubo,obstaculo
D067,-16.401345,-71.579583,tubo,transitable
D068,-16.355313,-71.572698,valvula,transitable
D069,-16.381864,-71.559329,tubo,obstaculo
D070,-16.421161,-71.549281,valvula,transitable
D071,-16.380716,-71.567522,tubo,transitable
D072,-16.447886,-71.556872,valvula,transitable
D073,-16.375115,-71.572896,valvula,obstaculo
D074,-16.448707,-71.54824,tubo,transitable
D075,-16.442599,-71.56682,valvula,transitable
D076,-16.436907,-71.506906,bomba,obstaculo
D077,-16.425296,-71.529443,bomba,transitable
D078,-16.386138,-71.503254,valvula,transitable
D079,-16.388186,-71.531302,tubo,transitable
D080,-16.449069,-71.520033,tubo,transitable
D081,-16.424394,-71.555423,tubo,obstaculo
D082,-16.380765,-71.55077,tubo,obstaculo
D083,-16.388107,-71.542718,tubo,obstaculo
D084,-16.379354,-71.568874,tubo,obstaculo
D085,-16.386352,-71.523707,bomba,transitable
D086,-16.435027,-71.569048,bomba,transitable
D087,-16.387801,-71.58881,valvula,transitable
D088,-16.354072,-71.517323,bomba,obstaculo
D089,-16.38813,-71.56557,bomba,transitable
D090,-16.409092,-71.586019,tubo,transitable
D091,-16.415787,-71.577978,tubo,transitable
D092,-16.430937,-71.576911,tubo,transitable
D093,-16.398033,-71.517571,tubo,obstaculo
D094,-16.431831,-71.517545,bomba,obstaculo
D095,-16.394132,-71.530954,bomba,transitable
D096,-16.360201,-71.567009,valvula,transitable
D097,-16.35794,-71.547256,valvula,obstaculo
D098,-16.430725,-71.504522,valvula,transitable
D099,-16.421881,-71.501256,tubo,transitable
D100,-16.357536,-71.51032,tubo,transitable
D001,-16.365153,-71.574902,tubo,obstaculo
D002,-16.366208,-71.54737,tubo,obstaculo
D003,-16.43723,-71.548873,bomba,transitable
D004,-16.385077,-71.562599,tubo,obstaculo
D005,-16.409721,-71.540663,tubo,obstaculo
D006,-16.395034,-71.549458,tubo,transitable
D007,-16.383755,-71.500687,valvula,obstaculo
D008,-16.437765,-71.556013,tubo,obstaculo
D009,-16.448853,-71.571278,bomba,transitable
D010,-16.435503,-71.565705,tubo,transitable
D011,-16.433896,-71.531368,tubo,obstaculo
D012,-16.353862,-71.528903,tubo,transitable
D013,-16.427781,-71.520198,tubo,transitable
D014,-16.401742,-71.559634,tubo,transitable
D015,-16.42578,-71.556177,tubo,transitable
D016,-16.40195,-71.574919,tubo,obstaculo
D017,-16.364772,-71.595541,valvula,transitable
D018,-16.355814,-71.521104,bomba,transitable
D019,-16.386524,-71.534034,tubo,transitable
D020,-16.411497,-71.571074,valvula,transitable
D021,-16.375769,-71.543825,tubo,transitable
D022,-16.428576,-71.506478,valvula,transitable
D023,-16.354621,-71.510634,tubo,transitable
D024,-16.421522,-71.516545,valvula,transitable
D025,-16.373986,-71.518133,tubo,obstaculo
D026,-16.380777,-71.556085,tubo,transitable
D027,-16.386208,-71.573119,bomba,transitable
D028,-16.362507,-71.567789,tubo,transitable
D029,-16.416517,-71.540643,tubo,transitable
D030,-16.359524,-71.59458,tubo,obstaculo
D031,-16.428814,-71.537802,tubo,obstaculo
D032,-16.4444,-71.52026,valvula,transitable
D033,-16.430976,-71.533007,valvula,transitable
D034,-16.419533,-71.506467,valvula,obstaculo
D035,-16.390771,-71.573681,tubo,transitable
D036,-16.425725,-71.575053,valvula,transitable
D037,-16.436324,-71.585758,tubo,transitable
D038,-16.384421,-71.582767,bomba,transitable
D039,-16.391296,-71.529742,tubo,obstaculo
D040,-16.353497,-71.567124,tubo,transitable
D041,-16.427706,-71.502268,tubo,transitable
D042,-16.425541,-71.595345,valvula,transitable
D043,-16.358746,-71.52103,tubo,transitable
D044,-16.376392,-71.579832,tubo,transitable
D045,-16.400762,-71.581727,tubo,transitable
D046,-16.386467,-71.582579,tubo,obstaculo
D047,-16.430712,-71.545102,tubo,transitable
D048,-16.403053,-71.547146,valvula,transitable
D049,-16.418345,-71.526873,valvula,transitable
D050,-16.434869,-71.546489,valvula,transitable
D051,-16.44219,-71.535447,bomba,transitable
D052,-16.412881,-71.589733,tubo,transitable
D053,-16.413005,-71.552207,tubo,obstaculo
D054,-16.413956,-71.536966,bomba,transitable
D055,-16.444132,-71.577993,tubo,obstaculo
D056,-16.396141,-71.522049,bomba,transitable
D057,-16.436615,-71.518801,valvula,transitable
D058,-16.393334,-71.571067,tubo,transitable
D059,-16.377146,-71.574868,tubo,transitable
D060,-16.375079,-71.515139,bomba,transitable
D061,-16.449614,-71.509832,tubo,transitable
D062,-16.387997,-71.554325,valvula,obstaculo
D063,-16.357563,-71.584092,bomba,transitable
D064,-16.378909,-71.574452,bomba,obstaculo
D065,-16.42604,-71.580465,tubo,obstaculo
D066,-16.381781,-71.522666,tubo,transitable
D067,-16.359435,-71.571911,tubo,transitable
D068,-16.444989,-71.500045,tubo,transitable
D069,-16.366985,-71.537202,valvula,transitable
D070,-16.388118,-71.534564,tubo,transitable
D071,-16.404137,-71.556459,tubo,transitable
D072,-16.380937,-71.594932,valvula,transitable
D073,-16.381505,-71.550008,valvula,transitable
D074,-16.396811,-71.51822,valvula,transitable
D075,-16.372953,-71.529321,tubo,transitable
D076,-16.423901,-71.546823,valvula,transitable
D077,-16.392803,-71.555001,tubo,obstaculo
D078,-16.44464,-71.595045,tubo,transitable
D079,-16.400171,-71.591763,tubo,transitable
D080,-16.44803,-71.545124,tubo,transitable
D081,-16.442902,-71.528398,tubo,transitable
D082,-16.421154,-71.577125,tubo,obstaculo
D083,-16.445541,-71.54689,tubo,transitable
D084,-16.353738,-71.567886,tubo,transitable
D085,-16.388883,-71.571235,valvula,transitable
D086,-16.409621,-71.516942,tubo,transitable
D087,-16.425193,-71.549973,valvula,transitable
D088,-16.396889,-71.567897,bomba,obstaculo
D089,-16.402658,-71.567069,bomba,obstaculo
D090,-16.407095,-71.511876,tubo,transitable
D091,-16.357517,-71.53902,bomba,transitable
D092,-16.368658,-71.528339,bomba,transitable
D093,-16.41009,-71.510782,tubo,transitable
D094,-16.395999,-71.530699,tubo,transitable
D095,-16.392576,-71.590014,tubo,transitable
D096,-16.439489,-71.535448,tubo,transitable
D097,-16.356885,-71.534891,valvula,transitable
D098,-16.447383,-71.523007,tubo,obstaculo
D099,-16.404098,-71.547032,bomba,transitable
D100,-16.431525,-71.592893,valvula,obstaculo
D0001,-16.442379,-71.577544,valvula,obstaculo
D0002,-16.430333,-71.511205,tubo,transitable
D0003,-16.440873,-71.51594,valvula,transitable
D0004,-16.420345,-71.517382,valvula,obstaculo
D0005,-16.427555,-71.524904,bomba,transitable
D0006,-16.442891,-71.5934,tubo,transitable
D0007,-16.379557,-71.563411,tubo,obstaculo
D0008,-16.431245,-71.556405,bomba,transitable
D0009,-16.396759,-71.52337,valvula,transitable
D0010,-16.420376,-71.535409,tubo,transitable
D0011,-16.43541,-71.554142,tubo,obstaculo
D0012,-16.446892,-71.519084,valvula,transitable
D0013,-16.395213,-71.528247,bomba,transitable
D0014,-16.410118,-71.580739,valvula,transitable
D0015,-16.400262,-71.561579,tubo,obstaculo
D0016,-16.365303,-71.580147,tubo,obstaculo
D0017,-16.392089,-71.562433,tubo,obstaculo
D0018,-16.371201,-71.512095,tubo,transitable
D0019,-16.44693,-71.565723,bomba,transitable
D0020,-16.404853,-71.541746,bomba,transitable
D0021,-16.436676,-71.544715,bomba,transitable
D0022,-16.398346,-71.567609,tubo,obstaculo
D0023,-16.416853,-71.525045,bomba,transitable
D0024,-16.446151,-71.598085,valvula,transitable
D0025,-16.389247,-71.506454,tubo,obstaculo
D0026,-16.359832,-71.557609,valvula,transitable
D0027,-16.41414,-71.562238,tubo,transitable
D0028,-16.430098,-71.578881,tubo,transitable
D0029,-16.376643,-71.59443,bomba,transitable
D0030,-16.430774,-71.506465,valvula,transitable
D0031,-16.391806,-71.514731,bomba,transitable
D0032,-16.384073,-71.573404,valvula,obstaculo
D0033,-16.418908,-71.561184,tubo,obstaculo
D0034,-16.421125,-71.509946,valvula,transitable
D0035,-16.421564,-71.575853,tubo,transitable
D0036,-16.353585,-71.533607,valvula,transitable
D0037,-16.397138,-71.573483,tubo,transitable
D0038,-16.397952,-71.580931,tubo,transitable
D0039,-16.428256,-71.585255,valvula,transitable
D0040,-16.421932,-71.578351,tubo,transitable
D0041,-16.397641,-71.508391,tubo,transitable
D0042,-16.408156,-71.539246,bomba,transitable
D0043,-16.388423,-71.54021,valvula,transitable
D0044,-16.44735,-71.570855,valvula,transitable
D0045,-16.36799,-71.539246,tubo,transitable
D0046,-16.417759,-71.528085,bomba,obstaculo
D0047,-16.418302,-71.540201,bomba,transitable
D0048,-16.360392,-71.562864,tubo,transitable
D0049,-16.362346,-71.559944,tubo,obstaculo
D0050,-16.449794,-71.531832,tubo,transitable
D0051,-16.430854,-71.50275,tubo,transitable
D0052,-16.352243,-71.559788,tubo,transitable
D0053,-16.424651,-71.533402,valvula,transitable
D0054,-16.419617,-71.534577,bomba,obstaculo
D0055,-16.351764,-71.546019,tubo,transitable
D0056,-16.387258,-71.514316,bomba,transitable
D0057,-16.352481,-71.551202,bomba,transitable
D0058,-16.435643,-71.557102,tubo,transitable
D0059,-16.411605,-71.567485,tubo,transitable
D0060,-16.384725,-71.563455,bomba,transitable
D0061,-16.418923,-71.515674,tubo,transitable
D0062,-16.442709,-71.552945,tubo,transitable
D0063,-16.413823,-71.51196,tubo,transitable
D0064,-16.421564,-71.560821,valvula,obstaculo
D0065,-16.436643,-71.545492,valvula,transitable
D0066,-16.41681,-71.53846,valvula,obstaculo
D0067,-16.395966,-71.59226,tubo,transitable
D0068,-16.430126,-71.55265,tubo,obstaculo
D0069,-16.369466,-71.502472,tubo,transitable
D0070,-16.401748,-71.579029,bomba,transitable
D0071,-16.422439,-71.567094,bomba,obstaculo
D0072,-16.381198,-71.501574,valvula,transitable
D0073,-16.374816,-71.536876,tubo,transitable
D0074,-16.370495,-71.520668,tubo,transitable
D0075,-16.365433,-71.508574,tubo,transitable
D0076,-16.387003,-71.54281,bomba,transitable
D0077,-16.360102,-71.549181,tubo,transitable
D0078,-16.422929,-71.554745,bomba,transitable
D0079,-16.422414,-71.595312,valvula,transitable
D0080,-16.382954,-71.568507,bomba,transitable
D0081,-16.444207,-71.575025,bomba,obstaculo
D0082,-16.433375,-71.517282,tubo,transitable
D0083,-16.352364,-71.541754,tubo,transitable
D0084,-16.368875,-71.533341,bomba,obstaculo
D0085,-16.445154,-71.570702,bomba,transitable
D0086,-16.428404,-71.593439,valvula,transitable
D0087,-16.441159,-71.581729,tubo,transitable
D0088,-16.386726,-71.556075,tubo,transitable
D0089,-16.437646,-71.521513,valvula,obstaculo
D0090,-16.392287,-71.565416,valvula,obstaculo
D0091,-16.411871,-71.559627,tubo,transitable
D0092,-16.416846,-71.519555,tubo,transitable
D0093,-16.428947,-71.519222,tubo,transitable
D0094,-16.381037,-71.598877,bomba,obstaculo
D0095,-16.369511,-71.549691,valvula,transitable
D0096,-16.355671,-71.504864,valvula,transitable
D0097,-16.353901,-71.52056,tubo,transitable
D0098,-16.417425,-71.548004,bomba,transitable
D0099,-16.354792,-71.50041,tubo,transitable
D0100,-16.36548,-71.547445,tubo,transitable
D0101,-16.413043,-71.514662,bomba,obstaculo
D0102,-16.410266,-71.543343,bomba,transitable
D0103,-16.369757,-71.564777,bomba,transitable
D0104,-16.362897,-71.508232,tubo,transitable
D0105,-16.367531,-71.553276,bomba,obstaculo
D0106,-16.423577,-71.500166,valvula,transitable
D0107,-16.388044,-71.579372,tubo,transitable
D0108,-16.414296,-71.511267,tubo,transitable
D0109,-16.400504,-71.554045,tubo,transitable
D0110,-16.375786,-71.539213,valvula,obstaculo
D0111,-16.36494,-71.54645,tubo,transitable
D0112,-16.415244,-71.52349,tubo,transitable
D0113,-16.397867,-71.582384,valvula,transitable
D0114,-16.433223,-71.518914,bomba,transitable
D0115,-16.449483,-71.578688,bomba,transitable
D0116,-16.440101,-71.517307,tubo,transitable
D0117,-16.389977,-71.592153,tubo,transitable
D0118,-16.403461,-71.534183,tubo,obstaculo
D0119,-16.351927,-71.534298,tubo,transitable
D0120,-16.362636,-71.501952,bomba,obstaculo
D0121,-16.431843,-71.585635,bomba,transitable
D0122,-16.364965,-71.587157,tubo,transitable
D0123,-16.377834,-71.512349,valvula,transitable
D0124,-16.429429,-71.501134,tubo,transitable
D0125,-16.437213,-71.589969,tubo,transitable
D0126,-16.381668,-71.540864,valvula,transitable
D0127,-16.353373,-71.554791,tubo,obstaculo
D0128,-16.362294,-71.509986,valvula,transitable
D0129,-16.387901,-71.598983,tubo,transitable
D0130,-16.435661,-71.528862,tubo,transitable
D0131,-16.400751,-71.523285,valvula,obstaculo
D0132,-16.439451,-71.529013,tubo,transitable
D0133,-16.402335,-71.530742,valvula,transitable
D0134,-16.407721,-71.566327,tubo,obstaculo
D0135,-16.376036,-71.565888,bomba,transitable
D0136,-16.434551,-71.556787,tubo,transitable
D0137,-16.39915,-71.555472,tubo,transitable
D0138,-16.401914,-71.542093,tubo,transitable
D0139,-16.372929,-71.503478,valvula,transitable
D0140,-16.359415,-71.583365,tubo,obstaculo
D0141,-16.401107,-71.524088,tubo,transitable
D0142,-16.367502,-71.517782,valvula,transitable
D0143,-16.372185,-71.562104,tubo,transitable
D0144,-16.387107,-71.500406,tubo,obstaculo
D0145,-16.401493,-71.516927,tubo,transitable
D0146,-16.388302,-71.536271,tubo,transitable
D0147,-16.362206,-71.552471,valvula,transitable
D0148,-16.412096,-71.510337,valvula,transitable
D0149,-16.417518,-71.584816,valvula,transitable
D0150,-16.384244,-71.514547,tubo,transitable
D0151,-16.37081,-71.576777,bomba,transitable
D0152,-16.424557,-71.586974,tubo,obstaculo
D0153,-16.396709,-71.51393,bomba,obstaculo
D0154,-16.373073,-71.545367,valvula,transitable
D0155,-16.438451,-71.511281,tubo,transitable
D0156,-16.445702,-71.564256,bomba,obstaculo
D0157,-16.401243,-71.5653,bomba,obstaculo
D0158,-16.436562,-71.526546,tubo,transitable
D0159,-16.420568,-71.546624,tubo,obstaculo
D0160,-16.424566,-71.510605,valvula,transitable
D0161,-16.445879,-71.520426,bomba,transitable
D0162,-16.440125,-71.566206,valvula,transitable
D0163,-16.385241,-71.510589,tubo,obstaculo
D0164,-16.435279,-71.530622,tubo,transitable
D0165,-16.431207,-71.553214,valvula,obstaculo
D0166,-16.353496,-71.574116,tubo,obstaculo
D0167,-16.445227,-71.501186,bomba,obstaculo
D0168,-16.371919,-71.582191,tubo,transitable
D0169,-16.410826,-71.549302,valvula,transitable
D0170,-16.403857,-71.570124,tubo,transitable
D0171,-16.394311,-71.503944,tubo,transitable
D0172,-16.361115,-71.522675,valvula,obstaculo
D0173,-16.360669,-71.520279,valvula,transitable
D0174,-16.405031,-71.566638,tubo,transitable
D0175,-16.369089,-71.592686,valvula,transitable
D0176,-16.381475,-71.567033,tubo,transitable
D0177,-16.440659,-71.532311,tubo,transitable
D0178,-16.382122,-71.572524,tubo,transitable
D0179,-16.437829,-71.551979,tubo,obstaculo
D0180,-16.350658,-71.538578,bomba,obstaculo
D0181,-16.382437,-71.582699,tubo,obstaculo
D0182,-16.43743,-71.508591,tubo,transitable
D0183,-16.376181,-71.584052,bomba,obstaculo
D0184,-16.398573,-71.507775,valvula,transitable
D0185,-16.378629,-71.553947,tubo,transitable
D0186,-16.411206,-71.518456,tubo,transitable
D0187,-16.382046,-71.520726,valvula,transitable
D0188,-16.394377,-71.534554,bomba,transitable
D0189,-16.387322,-71.535191,valvula,transitable
D0190,-16.441062,-71.550525,bomba,transitable
D0191,-16.363562,-71.517965,tubo,transitable
D0192,-16.404324,-71.554713,valvula,obstaculo
D0193,-16.365628,-71.529898,tubo,obstaculo
D0194,-16.438589,-71.544162,tubo,transitable
D0195,-16.428191,-71.514804,tubo,obstaculo
D0196,-16.38768,-71.545406,tubo,transitable
D0197,-16.356872,-71.56591,bomba,transitable
D0198,-16.36061,-71.534124,bomba,transitable
D0199,-16.42619,-71.576002,valvula,transitable
D0200,-16.417847,-71.558996,valvula,obstaculo
D0201,-16.378918,-71.524386,bomba,transitable
D0202,-16.417632,-71.569886,bomba,transitable
D0203,-16.394339,-71.570126,tubo,transitable
D0204,-16.364289,-71.574912,bomba,transitable
D0205,-16.367283,-71.564824,bomba,obstaculo
D0206,-16.397143,-71.52334,tubo,obstaculo
D0207,-16.44952,-71.596654,tubo,transitable
D0208,-16.410494,-71.521564,tubo,transitable
D0209,-16.371538,-71.554886,tubo,transitable
D0210,-16.411143,-71.571868,valvula,obstaculo
D0211,-16.386129,-71.599866,tubo,transitable
D0212,-16.388982,-71.547635,tubo,transitable
D0213,-16.397254,-71.574239,valvula,transitable
D0214,-16.392436,-71.578721,bomba,transitable
D0215,-16.436518,-71.591,valvula,obstaculo
D0216,-16.437978,-71.579485,valvula,transitable
D0217,-16.372568,-71.511422,valvula,transitable
D0218,-16.399103,-71.548056,tubo,obstaculo
D0219,-16.36836,-71.589129,bomba,obstaculo
D0220,-16.35245,-71.514564,valvula,transitable
D0221,-16.412343,-71.534515,tubo,transitable
D0222,-16.400621,-71.542582,valvula,transitable
D0223,-16.362907,-71.547851,tubo,obstaculo
D0224,-16.428891,-71.51167,tubo,transitable
D0225,-16.449646,-71.573144,tubo,transitable
D0226,-16.449181,-71.56521,tubo,transitable
D0227,-16.412101,-71.50377,bomba,obstaculo
D0228,-16.372115,-71.552737,bomba,transitable
D0229,-16.402036,-71.50552,tubo,transitable
D0230,-16.438355,-71.536824,valvula,transitable
D0231,-16.365758,-71.546273,tubo,obstaculo
D0232,-16.422813,-71.549704,tubo,obstaculo
D0233,-16.374248,-71.553165,bomba,transitable
D0234,-16.416618,-71.530153,bomba,obstaculo
D0235,-16.36207,-71.546003,tubo,obstaculo
D0236,-16.35865,-71.579078,valvula,transitable
D0237,-16.379648,-71.517936,bomba,transitable
D0238,-16.355258,-71.517928,bomba,transitable
D0239,-16.358764,-71.580821,bomba,transitable
D0240,-16.353231,-71.58935,tubo,transitable
D0241,-16.424426,-71.556636,tubo,obstaculo
D0242,-16.424741,-71.592003,bomba,obstaculo
D0243,-16.421364,-71.557322,bomba,transitable
D0244,-16.401875,-71.505401,bomba,transitable
D0245,-16.388362,-71.569941,valvula,transitable
D0246,-16.353309,-71.577029,tubo,transitable
D0247,-16.400157,-71.523259,valvula,obstaculo
D0248,-16.419197,-71.599671,tubo,transitable
D0249,-16.393463,-71.583552,tubo,obstaculo
D0250,-16.39734,-71.518373,tubo,transitable
D0251,-16.376624,-71.524877,bomba,obstaculo
D0252,-16.426013,-71.523751,tubo,transitable
D0253,-16.352585,-71.556607,tubo,transitable
D0254,-16.396031,-71.503085,bomba,transitable
D0255,-16.360507,-71.564682,valvula,obstaculo
D0256,-16.446428,-71.58927,tubo,transitable
D0257,-16.382368,-71.549759,tubo,transitable
D0258,-16.371257,-71.59974,valvula,transitable
D0259,-16.401514,-71.540529,bomba,transitable
D0260,-16.357697,-71.560682,bomba,obstaculo
D0261,-16.376047,-71.547106,valvula,transitable
D0262,-16.406682,-71.509381,bomba,obstaculo
D0263,-16.391228,-71.592042,tubo,transitable
D0264,-16.42005,-71.514582,valvula,transitable
D0265,-16.380725,-71.598095,tubo,transitable
D0266,-16.372465,-71.52318,valvula,transitable
D0267,-16.405793,-71.583677,valvula,transitable
D0268,-16.378079,-71.52291,valvula,transitable
D0269,-16.365166,-71.587487,bomba,transitable
D0270,-16.386429,-71.586327,valvula,transitable
D0271,-16.425363,-71.572704,valvula,transitable
D0272,-16.387983,-71.573206,bomba,obstaculo
D0273,-16.401887,-71.548659,tubo,transitable
D0274,-16.366955,-71.525269,tubo,transitable
D0275,-16.389566,-71.521548,bomba,transitable
D0276,-16.350802,-71.510732,valvula,transitable
D0277,-16.440597,-71.564983,bomba,transitable
D0278,-16.384393,-71.586046,valvula,transitable
D0279,-16.400046,-71.593294,valvula,transitable
D0280,-16.387299,-71.569051,tubo,transitable
D0281,-16.391252,-71.536279,bomba,obstaculo
D0282,-16.368782,-71.501589,bomba,transitable
D0283,-16.393213,-71.520012,tubo,transitable
D0284,-16.352967,-71.532478,bomba,transitable
D0285,-16.443012,-71.516225,tubo,obstaculo
D0286,-16.355767,-71.564187,tubo,transitable
D0287,-16.437469,-71.540885,tubo,transitable
D0288,-16.363386,-71.506702,tubo,transitable
D0289,-16.418825,-71.51571,tubo,obstaculo
D0290,-16.386869,-71.553734,bomba,transitable
D0291,-16.387168,-71.569179,valvula,obstaculo
D0292,-16.363593,-71.57362,bomba,transitable
D0293,-16.417459,-71.538906,tubo,transitable
D0294,-16.356153,-71.537273,tubo,transitable
D0295,-16.40196,-71.565205,tubo,obstaculo
D0296,-16.423066,-71.593884,tubo,transitable
D0297,-16.436361,-71.559658,bomba,transitable
D0298,-16.397689,-71.540448,bomba,transitable
D0299,-16.386395,-71.578307,valvula,obstaculo
D0300,-16.364074,-71.550769,tubo,transitable
D0301,-16.439926,-71.533022,bomba,transitable
D0302,-16.438536,-71.559377,valvula,transitable
D0303,-16.380858,-71.562415,valvula,transitable
D0304,-16.436082,-71.568768,valvula,transitable
D0305,-16.369924,-71.56391,tubo,obstaculo
D0306,-16.43812,-71.548593,valvula,transitable
D0307,-16.360941,-71.530786,tubo,transitable
D0308,-16.413739,-71.570551,tubo,transitable
D0309,-16.397697,-71.535592,tubo,transitable
D0310,-16.427135,-71.599935,valvula,transitable
D0311,-16.435609,-71.577873,valvula,obstaculo
D0312,-16.377231,-71.524963,valvula,transitable
D0313,-16.437416,-71.514232,bomba,transitable
D0314,-16.373647,-71.50732,bomba,transitable
D0315,-16.376437,-71.556168,bomba,obstaculo
D0316,-16.425315,-71.597981,tubo,transitable
D0317,-16.409608,-71.509784,tubo,transitable
D0318,-16.403875,-71.533439,bomba,transitable
D0319,-16.421592,-71.556298,valvula,transitable
D0320,-16.435487,-71.530928,valvula,transitable
D0321,-16.385031,-71.589054,bomba,transitable
D0322,-16.442107,-71.584591,bomba,transitable
D0323,-16.400258,-71.516717,tubo,transitable
D0324,-16.398392,-71.539371,valvula,transitable
D0325,-16.358329,-71.514446,bomba,obstaculo
D0326,-16.433561,-71.566852,tubo,obstaculo
D0327,-16.422273,-71.583708,valvula,obstaculo
D0328,-16.358337,-71.592339,tubo,transitable
D0329,-16.360138,-71.559015,tubo,obstaculo
D0330,-16.435542,-71.558354,tubo,transitable
D0331,-16.41384,-71.559634,tubo,obstaculo
D0332,-16.377307,-71.528646,tubo,transitable
D0333,-16.381302,-71.516324,tubo,obstaculo
D0334,-16.403915,-71.587479,tubo,obstaculo
D0335,-16.437078,-71.598209,bomba,transitable
D0336,-16.443931,-71.584088,bomba,transitable
D0337,-16.364087,-71.525082,tubo,transitable
D0338,-16.435893,-71.579736,tubo,obstaculo
D0339,-16.42135,-71.561351,bomba,transitable
D0340,-16.384223,-71.506481,tubo,obstaculo
D0341,-16.436009,-71.533351,bomba,transitable
D0342,-16.411743,-71.554122,bomba,obstaculo
D0343,-16.421923,-71.592332,bomba,transitable
D0344,-16.376224,-71.541993,valvula,transitable
D0345,-16.386096,-71.518212,valvula,transitable
D0346,-16.379205,-71.592527,valvula,transitable
D0347,-16.430916,-71.579027,valvula,transitable
D0348,-16.442867,-71.506573,tubo,obstaculo
D0349,-16.366402,-71.530221,bomba,transitable
D0350,-16.440908,-71.544313,tubo,transitable
D0351,-16.395747,-71.538937,tubo,transitable
D0352,-16.444646,-71.527105,valvula,transitable
D0353,-16.447638,-71.53071,valvula,transitable
D0354,-16.358208,-71.5996,valvula,transitable
D0355,-16.389036,-71.586717,tubo,obstaculo
D0356,-16.370941,-71.540829,tubo,transitable
D0357,-16.42566,-71.526317,bomba,transitable
D0358,-16.365065,-71.510134,valvula,transitable
D0359,-16.421833,-71.552375,valvula,transitable
D0360,-16.379873,-71.526453,tubo,transitable
D0361,-16.359818,-71.591829,tubo,transitable
D0362,-16.433986,-71.566745,bomba,transitable
D0363,-16.399798,-71.599069,tubo,transitable
D0364,-16.442702,-71.549484,tubo,transitable
D0365,-16.440941,-71.545757,bomba,transitable
D0366,-16.365085,-71.544755,tubo,obstaculo
D0367,-16.39737,-71.531295,valvula,obstaculo
D0368,-16.409966,-71.595402,tubo,transitable
D0369,-16.400845,-71.517251,bomba,transitable
D0370,-16.353496,-71.585405,tubo,obstaculo
D0371,-16.44969,-71.54993,tubo,transitable
D0372,-16.399741,-71.53776,tubo,transitable
D0373,-16.412721,-71.526421,tubo,transitable
D0374,-16.397577,-71.54395,tubo,transitable
D0375,-16.445279,-71.504487,bomba,transitable
D0376,-16.350856,-71.515817,tubo,transitable
D0377,-16.380726,-71.503613,valvula,obstaculo
D0378,-16.443711,-71.584325,bomba,obstaculo
D0379,-16.425931,-71.57262,valvula,transitable
D0380,-16.400774,-71.573409,tubo,transitable
D0381,-16.385407,-71.599402,tubo,transitable
D0382,-16.434327,-71.517962,valvula,transitable
D0383,-16.415367,-71.527334,tubo,transitable
D0384,-16.440862,-71.51655,tubo,transitable
D0385,-16.422014,-71.524614,valvula,transitable
D0386,-16.41396,-71.577797,valvula,transitable
D0387,-16.399894,-71.596362,valvula,obstaculo
D0388,-16.448448,-71.519703,valvula,transitable
D0389,-16.368444,-71.538023,tubo,transitable
D0390,-16.425789,-71.550392,tubo,transitable
D0391,-16.44351,-71.535612,bomba,obstaculo
D0392,-16.368001,-71.568134,valvula,obstaculo
D0393,-16.424746,-71.573145,bomba,transitable
D0394,-16.42625,-71.541085,valvula,transitable
D0395,-16.353535,-71.581196,tubo,transitable
D0396,-16.377842,-71.590725,valvula,transitable
D0397,-16.357834,-71.593594,tubo,obstaculo
D0398,-16.427484,-71.583746,valvula,transitable
D0399,-16.368844,-71.578934,tubo,transitable
D0400,-16.44572,-71.593033,tubo,transitable
D001,-16.388206,-71.538666,valvula,transitable
D002,-16.388391,-71.541445,valvula,obstaculo
D003,-16.420421,-71.511662,valvula,transitable
D004,-16.417403,-71.565565,tubo,transitable
D005,-16.439253,-71.52295,bomba,transitable
D006,-16.383329,-71.504724,tubo,obstaculo
D007,-16.411608,-71.50244,tubo,transitable
D008,-16.388179,-71.569274,bomba,transitable
D009,-16.440954,-71.537791,bomba,transitable
D010,-16.407755,-71.500182,bomba,transitable
D011,-16.356366,-71.518917,valvula,transitable
D012,-16.351143,-71.525743,tubo,transitable
D013,-16.355018,-71.50403,tubo,transitable
D014,-16.42794,-71.513096,bomba,transitable
D015,-16.387131,-71.534102,bomba,transitable
D016,-16.35051,-71.566819,tubo,transitable
D017,-16.375665,-71.510298,tubo,transitable
D018,-16.40158,-71.534374,tubo,transitable
D019,-16.404724,-71.593781,bomba,transitable
D020,-16.425531,-71.575563,bomba,transitable
D021,-16.446723,-71.542851,bomba,obstaculo
D022,-16.430642,-71.584859,valvula,transitable
D023,-16.380315,-71.532046,valvula,transitable
D024,-16.398439,-71.57883,tubo,obstaculo
D025,-16.356164,-71.588422,bomba,transitable
D026,-16.43865,-71.539433,bomba,transitable
D027,-16.357431,-71.544947,tubo,transitable
D028,-16.403182,-71.575129,valvula,transitable
D029,-16.370767,-71.534992,tubo,transitable
D030,-16.437814,-71.532558,valvula,transitable
D031,-16.438241,-71.552357,tubo,obstaculo
D032,-16.377841,-71.555083,tubo,transitable
D033,-16.387547,-71.585104,bomba,obstaculo
D034,-16.422433,-71.586793,tubo,transitable
D035,-16.35227,-71.529333,tubo,transitable
D036,-16.380355,-71.509904,valvula,transitable
D037,-16.374946,-71.503741,valvula,transitable
D038,-16.406639,-71.582467,valvula,transitable
D039,-16.412465,-71.589768,bomba,transitable
D040,-16.410315,-71.501039,valvula,transitable
D041,-16.420701,-71.547695,valvula,transitable
D042,-16.422957,-71.519261,tubo,obstaculo
D043,-16.405821,-71.561782,tubo,transitable
D044,-16.410808,-71.572135,tubo,transitable
D045,-16.411185,-71.530693,tubo,obstaculo
D046,-16.366515,-71.577525,valvula,obstaculo
D047,-16.396763,-71.519649,valvula,transitable
D048,-16.374797,-71.501758,bomba,transitable
D049,-16.427123,-71.562638,valvula,obstaculo
D050,-16.428556,-71.59499,tubo,obstaculo
D051,-16.393079,-71.528978,tubo,transitable
D052,-16.420405,-71.569912,tubo,transitable
D053,-16.445155,-71.593864,valvula,transitable
D054,-16.363483,-71.545266,tubo,transitable
D055,-16.36875,-71.524749,tubo,transitable
D056,-16.401236,-71.555411,valvula,transitable
D057,-16.400627,-71.509403,tubo,transitable
D058,-16.373378,-71.557183,bomba,transitable
D059,-16.404967,-71.546782,bomba,obstaculo
D060,-16.393087,-71.505815,tubo,obstaculo
D061,-16.406801,-71.584019,tubo,transitable
D062,-16.350853,-71.587559,tubo,transitable
D063,-16.368327,-71.584054,tubo,transitable
D064,-16.442794,-71.508111,valvula,transitable
D065,-16.415356,-71.540669,valvula,obstaculo
D066,-16.38051,-71.544333,bomba,transitable
D067,-16.447512,-71.569592,valvula,transitable
D068,-16.358984,-71.584549,bomba,transitable
D069,-16.372363,-71.599257,bomba,transitable
D070,-16.410886,-71.535374,bomba,transitable
D071,-16.416196,-71.545838,tubo,transitable
D072,-16.386817,-71.595316,tubo,transitable
D073,-16.438405,-71.58501,bomba,transitable
D074,-16.38176,-71.574527,tubo,transitable
D075,-16.363086,-71.526882,valvula,transitable
D076,-16.403142,-71.552921,tubo,transitable
D077,-16.411931,-71.56339,valvula,obstaculo
D078,-16.407206,-71.597572,tubo,transitable
D079,-16.379982,-71.526567,tubo,transitable
D080,-16.372874,-71.547546,tubo,transitable
D081,-16.424327,-71.525367,tubo,transitable
D082,-16.356171,-71.546558,tubo,transitable
D083,-16.431116,-71.51354,tubo,transitable
D084,-16.357718,-71.557015,tubo,transitable
D085,-16.385775,-71.500708,valvula,transitable
D086,-16.390026,-71.59967,valvula,transitable
D087,-16.355172,-71.520397,bomba,transitable
D088,-16.367054,-71.596608,tubo,obstaculo
D089,-16.354054,-71.560239,tubo,transitable
D090,-16.374815,-71.550139,tubo,obstaculo
D091,-16.417139,-71.503285,tubo,transitable
D092,-16.413308,-71.587288,tubo,transitable
D093,-16.402955,-71.590485,bomba,transitable
D094,-16.393837,-71.567702,tubo,transitable
D095,-16.427635,-71.588398,bomba,transitable
D096,-16.366043,-71.548522,valvula,transitable
D097,-16.361302,-71.566268,tubo,obstaculo
D098,-16.427592,-71.505689,tubo,transitable
D099,-16.389953,-71.500836,bomba,obstaculo
D100,-16.435255,-71.599174,tubo,transitable
D001,-16.381668,-71.579361,tubo,transitable
D002,-16.370202,-71.538071,valvula,transitable
D003,-16.375178,-71.545725,valvula,transitable
D004,-16.447002,-71.538234,tubo,transitable
D005,-16.400676,-71.55711,tubo,transitable
D006,-16.369586,-71.577025,valvula,transitable
D007,-16.436359,-71.527262,tubo,transitable
D008,-16.41634,-71.528821,valvula,transitable
D009,-16.389408,-71.576269,tubo,obstaculo
D010,-16.394306,-71.589801,valvula,obstaculo
D011,-16.434694,-71.536372,valvula,transitable
D012,-16.380463,-71.500589,tubo,transitable
D013,-16.404592,-71.557839,bomba,obstaculo
D014,-16.366651,-71.543684,valvula,transitable
D015,-16.386268,-71.545256,tubo,obstaculo
D016,-16.360597,-71.580169,tubo,transitable
D017,-16.383757,-71.571874,bomba,obstaculo
D018,-16.370633,-71.594057,bomba,transitable
D019,-16.444068,-71.574556,valvula,obstaculo
D020,-16.385805,-71.562228,bomba,transitable
D021,-16.432501,-71.589738,valvula,transitable
D022,-16.413964,-71.518791,valvula,transitable
D023,-16.392956,-71.589245,valvula,transitable
D024,-16.440145,-71.506133,valvula,transitable
D025,-16.424955,-71.533713,bomba,transitable
D026,-16.412854,-71.546487,bomba,transitable
D027,-16.370629,-71.541399,valvula,transitable
D028,-16.388352,-71.578441,tubo,obstaculo
D029,-16.430509,-71.528858,bomba,transitable
D030,-16.388207,-71.51065,valvula,obstaculo
D031,-16.444638,-71.595334,bomba,transitable
D032,-16.435665,-71.593493,valvula,transitable
D033,-16.419086,-71.519786,valvula,transitable
D034,-16.419659,-71.555873,tubo,transitable
D035,-16.368132,-71.578115,tubo,transitable
D036,-16.383347,-71.564643,bomba,obstaculo
D037,-16.388469,-71.596221,valvula,obstaculo
D038,-16.392829,-71.531805,tubo,transitable
D039,-16.420393,-71.554014,tubo,transitable
D040,-16.388642,-71.570013,valvula,obstaculo
D041,-16.361298,-71.510215,tubo,obstaculo
D042,-16.395876,-71.540462,tubo,transitable
D043,-16.395556,-71.557501,tubo,transitable
D044,-16.40743,-71.523322,tubo,obstaculo
D045,-16.368034,-71.564289,tubo,transitable
D046,-16.421272,-71.558942,bomba,transitable
D047,-16.400161,-71.572164,tubo,obstaculo
D048,-16.36968,-71.542279,bomba,obstaculo
D049,-16.434777,-71.550299,tubo,obstaculo
D050,-16.410526,-71.583724,valvula,transitable
D051,-16.372815,-71.564256,bomba,transitable
D052,-16.399368,-71.515458,bomba,obstaculo
D053,-16.374239,-71.594739,bomba,transitable
D054,-16.426025,-71.573795,tubo,transitable
D055,-16.37275,-71.534948,valvula,transitable
D056,-16.419212,-71.515031,tubo,transitable
D057,-16.435355,-71.567863,bomba,transitable
D058,-16.4068,-71.5207,valvula,obstaculo
D059,-16.387621,-71.555703,bomba,transitable
D060,-16.409677,-71.528494,tubo,transitable
D061,-16.366335,-71.587427,valvula,obstaculo
D062,-16.363411,-71.567821,tubo,obstaculo
D063,-16.42997,-71.533601,tubo,obstaculo
D064,-16.420405,-71.568711,tubo,transitable
D065,-16.43076,-71.55963,bomba,transitable
D066,-16.438542,-71.525352,tubo,transitable
D067,-16.35813,-71.58361,tubo,transitable
D068,-16.368915,-71.563783,valvula,transitable
D069,-16.439663,-71.594287,tubo,transitable
D070,-16.388123,-71.581533,valvula,transitable
D071,-16.366699,-71.506047,bomba,obstaculo
D072,-16.383711,-71.529488,bomba,transitable
D073,-16.379911,-71.531942,tubo,transitable
D074,-16.356644,-71.560446,bomba,transitable
D075,-16.366686,-71.517493,valvula,transitable
D076,-16.350207,-71.545492,bomba,transitable
D077,-16.414773,-71.582066,valvula,transitable
D078,-16.408937,-71.554255,valvula,transitable
D079,-16.359024,-71.570674,tubo,transitable
D080,-16.407791,-71.575426,bomba,transitable
D081,-16.393708,-71.552602,valvula,transitable
D082,-16.426949,-71.585558,bomba,obstaculo
D083,-16.38748,-71.564749,tubo,transitable
D084,-16.38282,-71.594516,valvula,transitable
D085,-16.385821,-71.589674,tubo,transitable
D086,-16.406225,-71.518744,tubo,transitable
D087,-16.352131,-71.592637,valvula,transitable
D088,-16.441174,-71.580307,tubo,obstaculo
D089,-16.352425,-71.51838,bomba,transitable
D090,-16.415039,-71.534609,valvula,transitable
D091,-16.411233,-71.559739,valvula,obstaculo
D092,-16.374588,-71.541821,valvula,transitable
D093,-16.402043,-71.590746,tubo,obstaculo
D094,-16.438222,-71.591695,tubo,transitable
D095,-16.400447,-71.559737,tubo,transitable
D096,-16.400747,-71.535679,bomba,obstaculo
D097,-16.445632,-71.505671,tubo,transitable
D098,-16.389419,-71.574873,bomba,transitable
D099,-16.432771,-71.572783,tubo,obstaculo
D100,-16.373327,-71.583707,valvula,transitable
D0001,-16.360152,-71.588128,tubo,obstaculo
D0002,-16.4481,-71.506816,tubo,transitable
D0003,-16.369066,-71.531435,valvula,transitable
D0004,-16.405026,-71.561983,tubo,transitable
D0005,-16.356309,-71.58086,tubo,obstaculo
D0006,-16.376226,-71.503759,tubo,transitable
D0007,-16.44916,-71.565639,tubo,transitable
D0008,-16.418112,-71.578095,valvula,transitable
D0009,-16.363217,-71.559434,bomba,obstaculo
D0010,-16.395792,-71.514243,bomba,transitable
D0011,-16.424197,-71.500052,valvula,transitable
D0012,-16.431361,-71.572444,tubo,obstaculo
D0013,-16.417858,-71.590725,tubo,transitable
D0014,-16.41696,-71.553682,tubo,transitable
D0015,-16.37925,-71.552927,tubo,transitable
D0016,-16.351125,-71.518457,valvula,transitable
D0017,-16.442466,-71.507917,tubo,transitable
D0018,-16.375368,-71.527575,tubo,transitable
D0019,-16.362679,-71.598413,bomba,obstaculo
D0020,-16.416262,-71.559999,tubo,transitable
D0021,-16.430264,-71.557751,tubo,transitable
D0022,-16.362728,-71.56673,tubo,transitable
D0023,-16.418524,-71.593652,tubo,transitable
D0024,-16.395314,-71.542245,valvula,transitable
D0025,-16.438067,-71.552705,tubo,obstaculo
D0026,-16.447301,-71.566479,bomba,obstaculo
D0027,-16.379491,-71.589674,tubo,transitable
D0028,-16.43081,-71.503848,tubo,obstaculo
D0029,-16.384213,-71.579008,valvula,transitable
D0030,-16.420937,-71.542744,valvula,transitable
D0031,-16.398977,-71.586701,bomba,transitable
D0032,-16.434066,-71.595038,tubo,transitable
D0033,-16.407945,-71.591542,bomba,transitable
D0034,-16.403481,-71.575835,tubo,transitable
D0035,-16.386432,-71.510001,bomba,obstaculo
D0036,-16.427238,-71.544253,bomba,obstaculo
D0037,-16.408974,-71.588242,tubo,transitable
D0038,-16.402235,-71.531487,valvula,transitable
D0039,-16.373766,-71.531879,valvula,transitable
D0040,-16.442111,-71.519133,tubo,transitable
D0041,-16.396254,-71.572941,valvula,transitable
D0042,-16.442245,-71.50578,tubo,transitable
D0043,-16.439047,-71.537837,tubo,obstaculo
D0044,-16.365603,-71.591904,tubo,transitable
D0045,-16.393696,-71.503075,bomba,obstaculo
D0046,-16.416007,-71.57803,tubo,transitable
D0047,-16.440595,-71.57135,tubo,transitable
D0048,-16.36249,-71.501633,tubo,transitable
D0049,-16.350715,-71.532379,tubo,transitable
D0050,-16.439512,-71.586248,valvula,obstaculo
D0051,-16.437939,-71.590461,tubo,transitable
D0052,-16.422305,-71.554945,tubo,obstaculo
D0053,-16.366027,-71.593603,tubo,transitable
D0054,-16.36393,-71.532462,tubo,obstaculo
D0055,-16.355949,-71.516434,tubo,transitable
D0056,-16.442186,-71.545097,tubo,transitable
D0057,-16.429243,-71.529114,bomba,transitable
D0058,-16.447479,-71.516116,tubo,transitable
D0059,-16.359237,-71.569766,valvula,transitable
D0060,-16.446257,-71.532941,valvula,transitable
D0061,-16.414068,-71.548054,tubo,transitable
D0062,-16.410073,-71.589749,tubo,transitable
D0063,-16.446041,-71.594378,valvula,obstaculo
D0064,-16.377784,-71.597222,bomba,transitable
D0065,-16.415394,-71.576436,tubo,obstaculo
D0066,-16.359548,-71.592355,tubo,transitable
D0067,-16.381502,-71.568164,tubo,transitable
D0068,-16.409186,-71.545658,tubo,transitable
D0069,-16.361884,-71.565493,bomba,transitable
D0070,-16.367562,-71.544656,valvula,transitable
D0071,-16.372812,-71.539908,tubo,obstaculo
D0072,-16.422414,-71.545735,valvula,transitable
D0073,-16.422926,-71.525003,valvula,transitable
D0074,-16.402342,-71.518832,valvula,transitable
D0075,-16.404508,-71.556073,bomba,transitable
D0076,-16.357459,-71.537924,bomba,obstaculo
D0077,-16.353446,-71.548356,valvula,obstaculo
D0078,-16.385101,-71.58672,tubo,transitable
D0079,-16.437856,-71.547625,bomba,transitable
D0080,-16.430483,-71.54163,tubo,transitable
D0081,-16.352224,-71.542861,bomba,transitable
D0082,-16.432795,-71.502966,bomba,transitable
D0083,-16.358759,-71.536577,bomba,transitable
D0084,-16.375876,-71.544857,valvula,transitable
D0085,-16.37384,-71.556251,bomba,obstaculo
D0086,-16.378522,-71.577143,valvula,transitable
D0087,-16.366446,-71.586519,bomba,transitable
D0088,-16.449348,-71.576958,valvula,obstaculo
D0089,-16.370829,-71.569051,tubo,transitable
D0090,-16.428783,-71.561942,bomba,transitable
D0091,-16.389222,-71.565193,valvula,transitable
D0092,-16.443658,-71.518725,bomba,obstaculo
D0093,-16.444108,-71.511835,tubo,transitable
D0094,-16.401014,-71.544986,bomba,transitable
D0095,-16.374162,-71.544527,tubo,transitable
D0096,-16.376688,-71.586149,bomba,transitable
D0097,-16.373171,-71.575254,bomba,transitable
D0098,-16.3745,-71.576874,valvula,transitable
D0099,-16.382262,-71.504387,bomba,transitable
D0100,-16.414647,-71.542772,tubo,transitable
D0101,-16.38513,-71.501331,valvula,transitable
D0102,-16.390861,-71.534666,tubo,obstaculo
D0103,-16.404187,-71.59425,bomba,obstaculo
D0104,-16.367296,-71.56529,tubo,obstaculo
D0105,-16.353484,-71.589734,tubo,transitable
D0106,-16.368455,-71.510314,tubo,transitable
D0107,-16.360401,-71.538947,tubo,transitable
D0108,-16.389271,-71.569965,bomba,obstaculo
D0109,-16.398074,-71.548442,bomba,obstaculo
D0110,-16.386092,-71.53112,tubo,transitable
D0111,-16.39302,-71.527892,bomba,transitable
D0112,-16.43942,-71.559956,bomba,transitable
D0113,-16.428969,-71.531457,bomba,transitable
D0114,-16.405553,-71.544816,valvula,obstaculo
D0115,-16.35154,-71.515838,tubo,transitable
D0116,-16.376735,-71.585018,tubo,transitable
D0117,-16.379858,-71.584023,tubo,obstaculo
D0118,-16.364909,-71.507135,valvula,transitable
D0119,-16.41141,-71.502868,tubo,transitable
D0120,-16.389692,-71.5124,tubo,obstaculo
D0121,-16.359655,-71.556869,valvula,transitable
D0122,-16.407453,-71.573639,bomba,transitable
D0123,-16.421411,-71.504382,tubo,obstaculo
D0124,-16.429776,-71.549842,bomba,obstaculo
D0125,-16.354002,-71.598799,valvula,transitable
D0126,-16.440874,-71.550548,valvula,transitable
D0127,-16.353872,-71.519578,tubo,obstaculo
D0128,-16.428214,-71.569583,valvula,obstaculo
D0129,-16.418426,-71.573234,tubo,transitable
D0130,-16.429164,-71.583868,tubo,transitable
D0131,-16.433818,-71.515667,valvula,transitable
D0132,-16.360903,-71.501815,tubo,obstaculo
D0133,-16.39315,-71.550724,tubo,transitable
D0134,-16.360102,-71.542252,tubo,transitable
D0135,-16.356868,-71.535121,valvula,transitable
D0136,-16.379391,-71.500509,tubo,transitable
D0137,-16.436355,-71.50475,tubo,transitable
D0138,-16.423946,-71.558197,tubo,obstaculo
D0139,-16.375982,-71.59351,tubo,transitable
D0140,-16.417097,-71.548146,valvula,transitable
D0141,-16.37319,-71.523385,tubo,transitable
D0142,-16.444551,-71.521976,bomba,transitable
D0143,-16.402442,-71.586978,tubo,transitable
D0144,-16.446195,-71.569229,bomba,transitable
D0145,-16.381832,-71.504663,bomba,transitable
D0146,-16.382113,-71.51736,valvula,transitable
D0147,-16.447844,-71.562958,tubo,transitable
D0148,-16.380742,-71.586817,bomba,transitable
D0149,-16.383436,-71.534261,tubo,transitable
D0150,-16.435159,-71.57728,tubo,obstaculo
D0151,-16.417396,-71.554329,tubo,transitable
D0152,-16.392027,-71.571962,tubo,transitable
D0153,-16.383108,-71.503693,valvula,transitable
D0154,-16.371389,-71.587515,tubo,obstaculo
D0155,-16.436151,-71.575511,tubo,transitable
D0156,-16.395785,-71.547553,tubo,transitable
D0157,-16.43114,-71.56879,tubo,transitable
D0158,-16.351485,-71.550593,bomba,transitable
D0159,-16.357643,-71.50581,valvula,transitable
D0160,-16.386345,-71.534534,tubo,transitable
D0161,-16.438905,-71.558775,valvula,transitable
D0162,-16.356097,-71.537789,valvula,transitable
D0163,-16.359401,-71.594827,tubo,transitable
D0164,-16.368989,-71.528661,tubo,obstaculo
D0165,-16.398974,-71.592878,bomba,obstaculo
D0166,-16.373487,-71.503275,tubo,transitable
D0167,-16.36458,-71.533669,tubo,transitable
D0168,-16.419567,-71.577866,valvula,obstaculo
D0169,-16.387829,-71.592596,bomba,obstaculo
D0170,-16.371127,-71.535937,valvula,transitable
D0171,-16.400022,-71.554365,bomba,obstaculo
D0172,-16.429042,-71.573717,tubo,obstaculo
D0173,-16.390534,-71.536263,tubo,transitable
D0174,-16.38505,-71.538244,valvula,transitable
D0175,-16.424219,-71.535183,bomba,transitable
D0176,-16.441666,-71.54611,tubo,obstaculo
D0177,-16.412566,-71.542757,valvula,obstaculo
D0178,-16.438385,-71.530405,tubo,transitable
D0179,-16.370524,-71.528269,bomba,obstaculo
D0180,-16.406789,-71.513931,tubo,transitable
D0181,-16.3548,-71.524314,valvula,transitable
D0182,-16.390575,-71.545314,bomba,transitable
D0183,-16.3877,-71.505838,tubo,obstaculo
D0184,-16.375966,-71.570584,valvula,obstaculo
D0185,-16.417624,-71.554461,valvula,transitable
D0186,-16.422938,-71.557405,valvula,obstaculo
D0187,-16.397717,-71.548536,valvula,transitable
D0188,-16.359148,-71.599166,valvula,transitable
D0189,-16.42343,-71.5691,tubo,obstaculo
D0190,-16.37209,-71.555127,bomba,obstaculo
D0191,-16.41107,-71.566713,tubo,obstaculo
D0192,-16.397662,-71.53223,bomba,obstaculo
D0193,-16.41541,-71.555018,tubo,transitable
D0194,-16.355107,-71.597149,tubo,transitable
D0195,-16.410474,-71.512872,tubo,transitable
D0196,-16.437063,-71.571425,tubo,transitable
D0197,-16.351137,-71.568409,tubo,transitable
D0198,-16.390044,-71.519301,valvula,transitable
D0199,-16.435057,-71.531497,tubo,transitable
D0200,-16.377154,-71.546025,tubo,transitable
D0201,-16.424813,-71.571527,bomba,transitable
D0202,-16.39389,-71.509589,tubo,transitable
D0203,-16.42405,-71.541937,tubo,obstaculo
D0204,-16.366834,-71.532906,tubo,transitable
D0205,-16.367232,-71.540713,tubo,transitable
D0206,-16.356981,-71.535892,tubo,transitable
D0207,-16.389809,-71.513252,valvula,transitable
D0208,-16.395026,-71.578904,tubo,transitable
D0209,-16.422857,-71.587507,tubo,transitable
D0210,-16.406477,-71.537622,tubo,transitable
D0211,-16.436658,-71.501675,tubo,transitable
D0212,-16.439056,-71.55339,valvula,transitable
D0213,-16.449867,-71.529125,tubo,transitable
D0214,-16.40053,-71.557905,tubo,transitable
D0215,-16.392367,-71.571914,bomba,transitable
D0216,-16.441967,-71.571651,tubo,obstaculo
D0217,-16.412677,-71.596152,valvula,transitable
D0218,-16.418208,-71.501269,tubo,transitable
D0219,-16.401491,-71.57038,tubo,transitable
D0220,-16.41204,-71.590735,bomba,transitable
D0221,-16.419851,-71.513656,valvula,transitable
D0222,-16.421218,-71.551043,tubo,obstaculo
D0223,-16.383435,-71.568603,valvula,transitable
D0224,-16.39713,-71.575675,valvula,obstaculo
D0225,-16.400005,-71.5722,bomba,obstaculo
D0226,-16.419418,-71.593516,tubo,obstaculo
D0227,-16.408423,-71.51931,tubo,transitable
D0228,-16.388766,-71.560293,valvula,obstaculo
D0229,-16.360391,-71.536981,tubo,obstaculo
D0230,-16.401984,-71.596813,tubo,transitable
D0231,-16.426366,-71.561895,tubo,transitable
D0232,-16.362661,-71.582025,tubo,transitable
D0233,-16.431848,-71.536871,bomba,transitable
D0234,-16.38088,-71.515291,tubo,obstaculo
D0235,-16.405519,-71.591019,tubo,transitable
D0236,-16.388456,-71.572059,tubo,obstaculo
D0237,-16.389676,-71.57635,bomba,transitable
D0238,-16.408724,-71.556293,tubo,transitable
D0239,-16.447888,-71.554178,tubo,obstaculo
D0240,-16.382621,-71.553368,tubo,transitable
D0241,-16.409769,-71.515312,tubo,obstaculo
D0242,-16.405618,-71.560768,valvula,obstaculo
D0243,-16.430151,-71.507417,tubo,transitable
D0244,-16.37388,-71.529164,valvula,transitable
D0245,-16.356891,-71.564611,tubo,transitable
D0246,-16.444481,-71.583439,valvula,transitable
D0247,-16.383773,-71.581674,tubo,transitable
D0248,-16.437952,-71.586958,bomba,transitable
D0249,-16.378635,-71.545894,tubo,transitable
D0250,-16.396872,-71.5728,tubo,transitable
D0251,-16.392686,-71.578192,tubo,obstaculo
D0252,-16.350858,-71.597912,tubo,obstaculo
D0253,-16.402017,-71.550142,bomba,transitable
D0254,-16.407192,-71.569328,tubo,obstaculo
D0255,-16.441496,-71.574482,tubo,transitable
D0256,-16.358393,-71.550241,tubo,obstaculo
D0257,-16.375975,-71.511476,tubo,transitable
D0258,-16.384632,-71.550129,bomba,transitable
D0259,-16.425023,-71.502609,valvula,transitable
D0260,-16.35809,-71.565216,tubo,transitable
D0261,-16.422223,-71.549831,tubo,transitable
D0262,-16.357464,-71.521458,tubo,transitable
D0263,-16.449854,-71.563844,tubo,obstaculo
D0264,-16.36202,-71.515768,tubo,transitable
D0265,-16.364899,-71.541286,valvula,transitable
D0266,-16.381908,-71.504656,tubo,transitable
D0267,-16.393896,-71.532291,bomba,transitable
D0268,-16.445732,-71.501979,bomba,transitable
D0269,-16.354728,-71.592912,tubo,transitable
D0270,-16.40016,-71.54885,tubo,transitable
D0271,-16.406739,-71.511474,bomba,transitable
D0272,-16.39187,-71.557571,valvula,transitable
D0273,-16.421298,-71.547305,valvula,obstaculo
D0274,-16.40134,-71.528154,bomba,transitable
D0275,-16.432113,-71.59611,valvula,obstaculo
D0276,-16.399049,-71.548974,tubo,transitable
D0277,-16.392071,-71.520584,tubo,transitable
D0278,-16.350199,-71.513898,valvula,transitable
D0279,-16.350214,-71.540088,valvula,transitable
D0280,-16.410133,-71.511497,valvula,transitable
D0281,-16.430226,-71.536848,tubo,transitable
D0282,-16.392583,-71.571046,valvula,transitable
D0283,-16.440121,-71.587225,valvula,transitable
D0284,-16.388353,-71.524295,tubo,transitable
D0285,-16.352047,-71.569368,tubo,transitable
D0286,-16.372749,-71.597119,tubo,transitable
D0287,-16.380677,-71.569663,valvula,transitable
D0288,-16.424644,-71.532557,valvula,transitable
D0289,-16.354714,-71.516652,tubo,obstaculo
D0290,-16.399554,-71.535638,valvula,obstaculo
D0291,-16.411565,-71.533776,bomba,transitable
D0292,-16.394384,-71.540926,bomba,obstaculo
D0293,-16.374583,-71.516459,tubo,obstaculo
D0294,-16.437101,-71.502529,bomba,transitable
D0295,-16.36732,-71.573572,valvula,transitable
D0296,-16.397957,-71.538132,bomba,transitable
D0297,-16.382381,-71.531319,tubo,transitable
D0298,-16.387161,-71.520233,tubo,transitable
D0299,-16.421813,-71.515377,valvula,transitable
D0300,-16.393773,-71.571349,bomba,transitable
D0301,-16.382313,-71.527511,tubo,transitable
D0302,-16.390712,-71.584487,tubo,transitable
D0303,-16.404656,-71.532245,tubo,transitable
D0304,-16.42507,-71.565972,tubo,transitable
D0305,-16.418191,-71.562482,bomba,transitable
D0306,-16.436931,-71.553912,valvula,transitable
D0307,-16.446382,-71.548706,bomba,transitable
D0308,-16.388138,-71.57328,bomba,transitable
D0309,-16.423223,-71.562654,tubo,obstaculo
D0310,-16.355988,-71.561453,bomba,transitable
D0311,-16.407091,-71.505605,tubo,transitable
D0312,-16.422344,-71.559855,tubo,transitable
D0313,-16.380356,-71.500711,valvula,transitable
D0314,-16.377379,-71.509135,valvula,transitable
D0315,-16.379604,-71.516946,tubo,transitable
D0316,-16.42009,-71.540205,bomba,transitable
D0317,-16.438848,-71.514327,tubo,transitable
D0318,-16.432141,-71.563303,valvula,transitable
D0319,-16.3535,-71.524426,bomba,transitable
D0320,-16.401782,-71.595574,valvula,transitable
D0321,-16.399498,-71.52213,bomba,transitable
D0322,-16.429008,-71.566455,valvula,obstaculo
D0323,-16.438105,-71.597146,valvula,transitable
D0324,-16.36219,-71.503582,bomba,obstaculo
D0325,-16.365228,-71.528899,tubo,transitable
D0326,-16.406547,-71.528508,tubo,transitable
D0327,-16.421035,-71.54815,valvula,obstaculo
D0328,-16.434811,-71.50907,tubo,obstaculo
D0329,-16.385319,-71.530747,tubo,transitable
D0330,-16.351703,-71.591777,valvula,transitable
D0331,-16.427571,-71.528423,bomba,transitable
D0332,-16.392005,-71.58062,valvula,transitable
D0333,-16.363946,-71.532794,tubo,obstaculo
D0334,-16.381807,-71.595621,tubo,transitable
D0335,-16.386814,-71.565572,bomba,obstaculo
D0336,-16.415599,-71.519347,bomba,obstaculo
D0337,-16.370574,-71.528036,bomba,transitable
D0338,-16.375397,-71.558421,valvula,obstaculo
D0339,-16.354898,-71.550192,bomba,transitable
D0340,-16.403259,-71.512772,valvula,obstaculo
D0341,-16.41095,-71.581417,tubo,transitable
D0342,-16.373099,-71.575545,tubo,transitable
D0343,-16.439247,-71.531244,tubo,obstaculo
D0344,-16.368963,-71.526154,valvula,transitable
D0345,-16.365965,-71.518376,tubo,transitable
D0346,-16.369284,-71.536074,bomba,transitable
D0347,-16.371269,-71.592425,tubo,transitable
D0348,-16.390745,-71.502404,bomba,transitable
D0349,-16.374077,-71.507659,bomba,transitable
D0350,-16.358817,-71.526485,tubo,transitable
D0351,-16.42037,-71.505147,valvula,transitable
D0352,-16.422754,-71.532739,tubo,transitable
D0353,-16.415895,-71.520525,tubo,transitable
D0354,-16.432169,-71.583497,bomba,obstaculo
D0355,-16.400886,-71.553695,valvula,transitable
D0356,-16.394515,-71.500105,valvula,transitable
D0357,-16.392058,-71.596528,tubo,obstaculo
D0358,-16.363495,-71.515488,tubo,transitable
D0359,-16.398803,-71.574992,tubo,obstaculo
D0360,-16.430492,-71.577093,tubo,transitable
D0361,-16.438282,-71.536813,valvula,transitable
D0362,-16.41141,-71.59746,tubo,transitable
D0363,-16.361845,-71.56727,bomba,transitable
D0364,-16.41553,-71.55671,bomba,obstaculo
D0365,-16.428557,-71.503041,bomba,transitable
D0366,-16.418211,-71.545154,valvula,transitable
D0367,-16.416128,-71.573062,valvula,transitable
D0368,-16.430543,-71.591639,tubo,transitable
D0369,-16.413196,-71.597926,valvula,obstaculo
D0370,-16.35792,-71.517881,tubo,transitable
D0371,-16.408719,-71.525767,valvula,transitable
D0372,-16.421251,-71.501893,tubo,transitable
D0373,-16.422604,-71.585482,valvula,transitable
D0374,-16.438487,-71.571805,bomba,transitable
D0375,-16.429286,-71.511699,bomba,transitable
D0376,-16.376853,-71.556038,bomba,transitable
D0377,-16.371074,-71.581269,tubo,transitable
D0378,-16.397551,-71.514122,bomba,transitable
D0379,-16.365099,-71.559561,bomba,transitable
D0380,-16.358444,-71.546166,tubo,transitable
D0381,-16.434223,-71.522233,tubo,obstaculo
D0382,-16.350797,-71.59838,bomba,obstaculo
D0383,-16.365462,-71.579248,tubo,transitable
D0384,-16.381175,-71.583002,tubo,transitable
D0385,-16.401133,-71.578795,valvula,obstaculo
D0386,-16.429748,-71.544068,valvula,transitable
D0387,-16.404668,-71.523382,tubo,transitable
D0388,-16.354056,-71.520144,tubo,transitable
D0389,-16.371626,-71.558254,bomba,transitable
D0390,-16.352301,-71.543028,valvula,obstaculo
D0391,-16.418567,-71.584348,valvula,transitable
D0392,-16.412198,-71.57994,bomba,obstaculo
D0393,-16.428776,-71.558845,valvula,transitable
D0394,-16.413155,-71.575665,valvula,transitable
D0395,-16.381999,-71.525142,tubo,transitable
D0396,-16.384509,-71.518345,tubo,transitable
D0397,-16.364832,-71.543843,bomba,obstaculo
D0398,-16.41366,-71.535603,tubo,transitable
D0399,-16.430979,-71.57484,tubo,transitable
D0400,-16.362734,-71.537423,tubo,transitable
D0401,-16.39824,-71.505376,tubo,obstaculo
D0402,-16.440844,-71.564554,tubo,obstaculo
D0403,-16.36909,-71.572413,bomba,obstaculo
D0404,-16.444049,-71.524101,tubo,transitable
D0405,-16.364657,-71.559139,tubo,transitable
D0406,-16.389858,-71.597434,tubo,transitable
D0407,-16.449964,-71.519177,tubo,transitable
D0408,-16.44365,-71.563233,bomba,transitable
D0409,-16.432833,-71.581292,tubo,transitable
D0410,-16.396789,-71.581435,tubo,transitable
D0411,-16.448608,-71.517752,tubo,transitable
D0412,-16.375236,-71.548525,bomba,transitable
D0413,-16.365897,-71.52285,valvula,obstaculo
D0414,-16.373039,-71.504125,valvula,obstaculo
D0415,-16.384352,-71.560277,tubo,obstaculo
D0416,-16.40354,-71.534707,bomba,transitable
D0417,-16.358437,-71.529933,tubo,transitable
D0418,-16.380328,-71.522767,valvula,transitable
D0419,-16.350611,-71.507849,valvula,obstaculo
D0420,-16.391823,-71.555263,tubo,transitable
D0421,-16.353061,-71.559075,valvula,transitable
D0422,-16.433511,-71.540405,valvula,obstaculo
D0423,-16.389973,-71.576854,tubo,transitable
D0424,-16.407647,-71.560115,bomba,transitable
D0425,-16.443844,-71.527097,tubo,transitable
D0426,-16.408832,-71.575619,tubo,transitable
D0427,-16.396827,-71.597124,valvula,transitable
D0428,-16.387846,-71.522382,tubo,transitable
D0429,-16.368434,-71.535699,tubo,obstaculo
D0430,-16.424489,-71.599974,bomba,obstaculo
D0431,-16.399617,-71.513646,valvula,transitable
D0432,-16.351631,-71.55718,tubo,transitable
D0433,-16.383645,-71.552766,tubo,transitable
D0434,-16.431163,-71.550362,bomba,transitable
D0435,-16.414829,-71.545629,tubo,obstaculo
D0436,-16.422771,-71.536809,valvula,transitable
D0437,-16.389441,-71.511866,bomba,obstaculo
D0438,-16.378189,-71.588138,tubo,transitable
D0439,-16.359513,-71.589378,tubo,transitable
D0440,-16.39267,-71.557064,valvula,obstaculo
D0441,-16.424174,-71.566443,valvula,obstaculo
D0442,-16.361479,-71.522104,valvula,transitable
D0443,-16.380793,-71.521889,tubo,transitable
D0444,-16.422348,-71.50766,tubo,transitable
D0445,-16.429526,-71.547866,valvula,transitable
D0446,-16.409141,-71.549323,tubo,transitable
D0447,-16.417537,-71.549615,bomba,transitable
D0448,-16.38128,-71.510372,tubo,transitable
D0449,-16.387762,-71.530098,tubo,transitable
D0450,-16.353211,-71.582301,bomba,transitable
D0451,-16.445047,-71.538392,tubo,transitable
D0452,-16.410464,-71.574145,tubo,obstaculo
D0453,-16.410565,-71.50528,tubo,obstaculo
D0454,-16.439237,-71.538268,tubo,transitable
D0455,-16.437943,-71.540691,valvula,transitable
D0456,-16.391657,-71.586384,valvula,transitable
D0457,-16.40794,-71.563809,tubo,transitable
D0458,-16.41721,-71.588662,tubo,transitable
D0459,-16.356525,-71.534792,tubo,transitable
D0460,-16.404065,-71.511116,tubo,obstaculo
D0461,-16.416045,-71.584551,valvula,transitable
D0462,-16.428443,-71.596122,bomba,transitable
D0463,-16.376627,-71.555174,bomba,transitable
D0464,-16.429272,-71.515323,tubo,transitable
D0465,-16.417005,-71.534791,tubo,transitable
D0466,-16.393552,-71.513867,bomba,transitable
D0467,-16.440081,-71.516469,bomba,transitable
D0468,-16.395543,-71.560758,tubo,transitable
D0469,-16.368295,-71.503669,valvula,transitable
D0470,-16.391268,-71.504602,bomba,transitable
D0471,-16.394121,-71.537729,tubo,transitable
D0472,-16.406788,-71.561455,tubo,transitable
D0473,-16.361255,-71.52547,tubo,transitable
D0474,-16.402709,-71.522403,valvula,transitable
D0475,-16.441852,-71.589858,valvula,transitable
D0476,-16.434739,-71.555262,tubo,obstaculo
D0477,-16.391324,-71.523614,tubo,transitable
D0478,-16.365111,-71.584285,bomba,obstaculo
D0479,-16.430282,-71.526969,tubo,transitable
D0480,-16.37487,-71.56108,bomba,transitable
D0481,-16.396912,-71.528947,bomba,obstaculo
D0482,-16.398851,-71.506416,valvula,transitable
D0483,-16.445333,-71.567531,valvula,transitable
D0484,-16.366522,-71.502506,valvula,transitable
D0485,-16.392626,-71.571779,tubo,transitable
D0486,-16.394063,-71.598083,tubo,transitable
D0487,-16.416397,-71.504371,valvula,transitable
D0488,-16.353403,-71.587531,bomba,transitable
D0489,-16.382825,-71.525772,tubo,obstaculo
D0490,-16.368103,-71.516306,bomba,transitable
D0491,-16.440147,-71.576637,tubo,transitable
D0492,-16.424136,-71.557654,valvula,transitable
D0493,-16.438518,-71.586061,bomba,transitable
D0494,-16.386816,-71.505256,tubo,transitable
D0495,-16.398277,-71.568763,bomba,obstaculo
D0496,-16.432773,-71.515526,tubo,obstaculo
D0497,-16.416384,-71.534408,bomba,obstaculo
D0498,-16.421307,-71.551111,tubo,transitable
D0499,-16.439257,-71.554518,bomba,transitable
D0500,-16.423948,-71.599499,valvula,transitable
<<<<<<< HEAD
=======
D0001,-16.42578,-71.562994,valvula,transitable
D0002,-16.37847,-71.59414,bomba,transitable
D0003,-16.39762,-71.597766,bomba,transitable
D0004,-16.425103,-71.595068,tubo,transitable
D0005,-16.395979,-71.519822,valvula,transitable
D0006,-16.379894,-71.503581,bomba,transitable
D0007,-16.376274,-71.591646,tubo,transitable
D0008,-16.415972,-71.55567,tubo,transitable
D0009,-16.396515,-71.556506,valvula,transitable
D0010,-16.355607,-71.542048,tubo,transitable
D0011,-16.443686,-71.509533,valvula,transitable
D0012,-16.439905,-71.573599,valvula,transitable
D0013,-16.393541,-71.596216,bomba,transitable
D0014,-16.395853,-71.599943,tubo,transitable
D0015,-16.42577,-71.549765,tubo,obstaculo
D0016,-16.445298,-71.588228,tubo,transitable
D0017,-16.374784,-71.532684,valvula,transitable
D0018,-16.443187,-71.522906,tubo,transitable
D0019,-16.422068,-71.576872,bomba,obstaculo
D0020,-16.443991,-71.521751,tubo,transitable
D0021,-16.353289,-71.509671,valvula,obstaculo
D0022,-16.387633,-71.52521,valvula,transitable
D0023,-16.38411,-71.559033,tubo,obstaculo
D0024,-16.400884,-71.576151,bomba,obstaculo
D0025,-16.445249,-71.525567,valvula,obstaculo
D0026,-16.39029,-71.594141,valvula,transitable
D0027,-16.436516,-71.510364,valvula,transitable
D0028,-16.420012,-71.578537,valvula,transitable
D0029,-16.395158,-71.5221,tubo,obstaculo
D0030,-16.445622,-71.569855,valvula,transitable
D0031,-16.435961,-71.550798,bomba,transitable
D0032,-16.440424,-71.515576,tubo,transitable
D0033,-16.352101,-71.563965,tubo,transitable
D0034,-16.379046,-71.525856,bomba,transitable
D0035,-16.401141,-71.54092,valvula,transitable
D0036,-16.443139,-71.537988,valvula,obstaculo
D0037,-16.397339,-71.551643,bomba,transitable
D0038,-16.427229,-71.57247,valvula,transitable
D0039,-16.362622,-71.526381,tubo,transitable
D0040,-16.413828,-71.562881,valvula,obstaculo
D0041,-16.437291,-71.595155,valvula,transitable
D0042,-16.362551,-71.558647,valvula,transitable
D0043,-16.432304,-71.509043,bomba,transitable
D0044,-16.430157,-71.554014,bomba,transitable
D0045,-16.419651,-71.510879,valvula,transitable
D0046,-16.363433,-71.591248,valvula,obstaculo
D0047,-16.43398,-71.561224,tubo,obstaculo
D0048,-16.446946,-71.512852,bomba,obstaculo
D0049,-16.412522,-71.509616,tubo,transitable
D0050,-16.430434,-71.583791,valvula,transitable
D0051,-16.438322,-71.539998,tubo,transitable
D0052,-16.431074,-71.502303,valvula,transitable
D0053,-16.408535,-71.573312,bomba,transitable
D0054,-16.402705,-71.523765,valvula,obstaculo
D0055,-16.446353,-71.529008,bomba,transitable
D0056,-16.371303,-71.530618,tubo,transitable
D0057,-16.374616,-71.553047,valvula,obstaculo
D0058,-16.392834,-71.57971,tubo,transitable
D0059,-16.387365,-71.519079,valvula,transitable
D0060,-16.387714,-71.510545,valvula,transitable
D0061,-16.383363,-71.594372,valvula,transitable
D0062,-16.381321,-71.584724,bomba,transitable
D0063,-16.370114,-71.569634,valvula,transitable
D0064,-16.354461,-71.543902,tubo,transitable
D0065,-16.379014,-71.564351,valvula,transitable
D0066,-16.364305,-71.583073,bomba,transitable
D0067,-16.406145,-71.592976,tubo,transitable
D0068,-16.365781,-71.535919,valvula,transitable
D0069,-16.402107,-71.50145,tubo,transitable
D0070,-16.438039,-71.557926,valvula,obstaculo
D0071,-16.401791,-71.506507,bomba,obstaculo
D0072,-16.361063,-71.516743,bomba,transitable
D0073,-16.369949,-71.539547,valvula,transitable
D0074,-16.432559,-71.52992,valvula,transitable
D0075,-16.39866,-71.556574,bomba,obstaculo
D0076,-16.404412,-71.532671,tubo,transitable
D0077,-16.357195,-71.584541,tubo,transitable
D0078,-16.448038,-71.571361,tubo,transitable
D0079,-16.409148,-71.572617,valvula,transitable
D0080,-16.4088,-71.532439,valvula,obstaculo
D0081,-16.421889,-71.531209,valvula,transitable
D0082,-16.387921,-71.598422,tubo,transitable
D0083,-16.390303,-71.569063,tubo,transitable
D0084,-16.386204,-71.578715,bomba,transitable
D0085,-16.441072,-71.570463,valvula,transitable
D0086,-16.39159,-71.525903,valvula,transitable
D0087,-16.408535,-71.533026,tubo,transitable
D0088,-16.382972,-71.530082,bomba,transitable
D0089,-16.352027,-71.501832,bomba,obstaculo
D0090,-16.432915,-71.589692,tubo,obstaculo
D0091,-16.428381,-71.587141,bomba,transitable
D0092,-16.447331,-71.55905,bomba,transitable
D0093,-16.407128,-71.502039,tubo,transitable
D0094,-16.391718,-71.505763,tubo,transitable
D0095,-16.369875,-71.540247,bomba,transitable
D0096,-16.39424,-71.505746,valvula,obstaculo
D0097,-16.384782,-71.564161,tubo,obstaculo
D0098,-16.358788,-71.574475,tubo,transitable
D0099,-16.378368,-71.521351,valvula,obstaculo
D0100,-16.379144,-71.56787,valvula,transitable
D0101,-16.40942,-71.599157,tubo,transitable
D0102,-16.423596,-71.536557,tubo,transitable
D0103,-16.366127,-71.547598,valvula,transitable
D0104,-16.356381,-71.575406,bomba,transitable
D0105,-16.424828,-71.509499,valvula,transitable
D0106,-16.423001,-71.559413,bomba,obstaculo
D0107,-16.44083,-71.586871,valvula,transitable
D0108,-16.438386,-71.593429,bomba,transitable
D0109,-16.436683,-71.595634,tubo,transitable
D0110,-16.359741,-71.503611,bomba,transitable
D0111,-16.409325,-71.588161,bomba,transitable
D0112,-16.449427,-71.540487,bomba,obstaculo
D0113,-16.377693,-71.520958,valvula,obstaculo
D0114,-16.355539,-71.518127,tubo,obstaculo
D0115,-16.386335,-71.549983,tubo,transitable
D0116,-16.411581,-71.530283,bomba,transitable
D0117,-16.405904,-71.588865,bomba,transitable
D0118,-16.396442,-71.525315,tubo,transitable
D0119,-16.410202,-71.575523,valvula,transitable
D0120,-16.394202,-71.512214,valvula,obstaculo
D0121,-16.3741,-71.579879,valvula,transitable
D0122,-16.401688,-71.503735,valvula,transitable
D0123,-16.42396,-71.52381,valvula,transitable
D0124,-16.368353,-71.56396,bomba,transitable
D0125,-16.428925,-71.572394,valvula,transitable
D0126,-16.404122,-71.515787,tubo,transitable
D0127,-16.386751,-71.599383,tubo,transitable
D0128,-16.415342,-71.593093,bomba,transitable
D0129,-16.389822,-71.526631,bomba,transitable
D0130,-16.383498,-71.569575,valvula,transitable
D0131,-16.435058,-71.577531,valvula,transitable
D0132,-16.445457,-71.529308,valvula,transitable
D0133,-16.439241,-71.575824,tubo,transitable
D0134,-16.432086,-71.521185,tubo,transitable
D0135,-16.408549,-71.516034,tubo,transitable
D0136,-16.376792,-71.507301,valvula,transitable
D0137,-16.369303,-71.575649,valvula,transitable
D0138,-16.383719,-71.523588,valvula,transitable
D0139,-16.408373,-71.555723,bomba,transitable
D0140,-16.418509,-71.522215,tubo,transitable
D0141,-16.414725,-71.554676,valvula,transitable
D0142,-16.449817,-71.524374,bomba,transitable
D0143,-16.390275,-71.559877,bomba,transitable
D0144,-16.366975,-71.594507,bomba,transitable
D0145,-16.359807,-71.592259,valvula,transitable
D0146,-16.425835,-71.532115,bomba,transitable
D0147,-16.446376,-71.516282,bomba,transitable
D0148,-16.361322,-71.597523,tubo,transitable
D0149,-16.447071,-71.529202,bomba,transitable
D0150,-16.372925,-71.593867,tubo,transitable
D0151,-16.418397,-71.566521,valvula,transitable
D0152,-16.390972,-71.507069,bomba,transitable
D0153,-16.447315,-71.545261,bomba,obstaculo
D0154,-16.351892,-71.511123,bomba,transitable
D0155,-16.36549,-71.542568,bomba,transitable
D0156,-16.366856,-71.51149,bomba,transitable
D0157,-16.398189,-71.585629,valvula,transitable
D0158,-16.38392,-71.523744,tubo,transitable
D0159,-16.383373,-71.536643,valvula,transitable
D0160,-16.410603,-71.525585,tubo,transitable
D0161,-16.368351,-71.519099,tubo,obstaculo
D0162,-16.438442,-71.589934,tubo,transitable
D0163,-16.377762,-71.580538,valvula,obstaculo
D0164,-16.415022,-71.55204,tubo,transitable
D0165,-16.393011,-71.535726,tubo,transitable
D0166,-16.427474,-71.504048,tubo,transitable
D0167,-16.375657,-71.580063,bomba,transitable
D0168,-16.409802,-71.557476,tubo,obstaculo
D0169,-16.3547,-71.560659,bomba,obstaculo
D0170,-16.352986,-71.584227,bomba,transitable
D0171,-16.372719,-71.537821,valvula,transitable
D0172,-16.420197,-71.559504,tubo,transitable
D0173,-16.373471,-71.51275,valvula,transitable
D0174,-16.390191,-71.59353,tubo,obstaculo
D0175,-16.366031,-71.512337,tubo,obstaculo
D0176,-16.368064,-71.518272,tubo,transitable
D0177,-16.410898,-71.594312,bomba,transitable
D0178,-16.400734,-71.501656,bomba,transitable
D0179,-16.391003,-71.566536,valvula,transitable
D0180,-16.362418,-71.53632,bomba,transitable
D0181,-16.418673,-71.595495,bomba,transitable
D0182,-16.428913,-71.555991,valvula,transitable
D0183,-16.410906,-71.504404,valvula,obstaculo
D0184,-16.366652,-71.540611,bomba,transitable
D0185,-16.405986,-71.546721,tubo,transitable
D0186,-16.414873,-71.587737,valvula,obstaculo
D0187,-16.350331,-71.592952,tubo,transitable
D0188,-16.449879,-71.555662,tubo,transitable
D0189,-16.399226,-71.587752,tubo,transitable
D0190,-16.366347,-71.599197,tubo,transitable
D0191,-16.400139,-71.580261,tubo,transitable
D0192,-16.356519,-71.570886,tubo,transitable
D0193,-16.372971,-71.558058,tubo,transitable
D0194,-16.388237,-71.551672,valvula,obstaculo
D0195,-16.419697,-71.54031,bomba,transitable
D0196,-16.415913,-71.510952,tubo,transitable
D0197,-16.41975,-71.594774,tubo,obstaculo
D0198,-16.397434,-71.528738,tubo,transitable
D0199,-16.437674,-71.594312,tubo,transitable
D0200,-16.389984,-71.508192,valvula,transitable
D0201,-16.3765,-71.593662,valvula,obstaculo
D0202,-16.395428,-71.513498,tubo,obstaculo
D0203,-16.425732,-71.519894,valvula,transitable
D0204,-16.356292,-71.518968,bomba,transitable
D0205,-16.448972,-71.587375,bomba,obstaculo
D0206,-16.404352,-71.515535,tubo,transitable
D0207,-16.357674,-71.543226,tubo,obstaculo
D0208,-16.394491,-71.511563,tubo,transitable
D0209,-16.424611,-71.555494,valvula,transitable
D0210,-16.375322,-71.579237,valvula,transitable
D0211,-16.366448,-71.563453,bomba,obstaculo
D0212,-16.390455,-71.578633,tubo,transitable
D0213,-16.409715,-71.581843,tubo,transitable
D0214,-16.395841,-71.553749,valvula,transitable
D0215,-16.410005,-71.505111,valvula,transitable
D0216,-16.393757,-71.557158,valvula,transitable
D0217,-16.445154,-71.529702,bomba,transitable
D0218,-16.356877,-71.581137,valvula,obstaculo
D0219,-16.362469,-71.532242,bomba,transitable
D0220,-16.448548,-71.597603,tubo,transitable
D0221,-16.381876,-71.500492,bomba,transitable
D0222,-16.384891,-71.556137,bomba,obstaculo
D0223,-16.397101,-71.533246,tubo,transitable
D0224,-16.388783,-71.536172,bomba,transitable
D0225,-16.371784,-71.599575,bomba,transitable
D0226,-16.370863,-71.524652,valvula,transitable
D0227,-16.362574,-71.538334,bomba,obstaculo
D0228,-16.36699,-71.586059,tubo,transitable
D0229,-16.37906,-71.573237,valvula,transitable
D0230,-16.396854,-71.566767,tubo,transitable
D0231,-16.412401,-71.571092,valvula,obstaculo
D0232,-16.357263,-71.587976,tubo,transitable
D0233,-16.372312,-71.573431,tubo,transitable
D0234,-16.381178,-71.592219,tubo,obstaculo
D0235,-16.433263,-71.587831,valvula,transitable
D0236,-16.406334,-71.588999,bomba,transitable
D0237,-16.39497,-71.581312,valvula,transitable
D0238,-16.390748,-71.575635,valvula,transitable
D0239,-16.352731,-71.563747,tubo,transitable
D0240,-16.409994,-71.518445,tubo,transitable
D0241,-16.439956,-71.521866,tubo,transitable
D0242,-16.432584,-71.545,valvula,transitable
D0243,-16.385986,-71.529848,bomba,transitable
D0244,-16.37192,-71.556697,valvula,transitable
D0245,-16.376484,-71.595669,bomba,obstaculo
D0246,-16.4023,-71.542551,valvula,transitable
D0247,-16.426512,-71.557371,bomba,transitable
D0248,-16.385513,-71.515815,bomba,transitable
D0249,-16.43189,-71.581972,bomba,transitable
D0250,-16.372276,-71.542982,valvula,transitable
D0251,-16.447288,-71.534316,bomba,transitable
D0252,-16.393161,-71.507524,valvula,transitable
D0253,-16.350262,-71.526717,tubo,transitable
D0254,-16.367085,-71.599835,tubo,obstaculo
D0255,-16.365413,-71.520545,bomba,obstaculo
D0256,-16.40916,-71.575417,tubo,transitable
D0257,-16.358313,-71.54446,valvula,transitable
D0258,-16.360822,-71.56392,bomba,transitable
D0259,-16.412899,-71.569923,bomba,transitable
D0260,-16.366865,-71.50461,tubo,transitable
D0261,-16.408894,-71.560666,valvula,obstaculo
D0262,-16.404499,-71.529624,bomba,transitable
D0263,-16.440671,-71.569162,bomba,transitable
D0264,-16.399895,-71.503649,tubo,obstaculo
D0265,-16.411839,-71.537952,tubo,obstaculo
D0266,-16.361868,-71.561006,bomba,obstaculo
D0267,-16.445574,-71.538759,valvula,transitable
D0268,-16.408755,-71.52022,tubo,transitable
D0269,-16.392385,-71.527327,bomba,transitable
D0270,-16.407315,-71.530003,bomba,transitable
D0271,-16.362135,-71.542542,valvula,transitable
D0272,-16.426637,-71.529855,valvula,transitable
D0273,-16.410266,-71.503491,bomba,obstaculo
D0274,-16.427624,-71.519593,tubo,obstaculo
D0275,-16.367411,-71.564508,bomba,transitable
D0276,-16.367776,-71.582125,valvula,obstaculo
D0277,-16.408911,-71.523565,tubo,obstaculo
D0278,-16.394372,-71.556322,valvula,transitable
D0279,-16.381007,-71.581737,tubo,transitable
D0280,-16.440804,-71.575047,tubo,transitable
D0281,-16.377803,-71.501906,valvula,transitable
D0282,-16.423646,-71.547118,valvula,obstaculo
D0283,-16.4032,-71.516874,tubo,obstaculo
D0284,-16.425398,-71.574564,valvula,transitable
D0285,-16.399771,-71.534344,valvula,transitable
D0286,-16.433466,-71.534632,bomba,transitable
D0287,-16.363436,-71.51869,tubo,obstaculo
D0288,-16.388334,-71.598762,tubo,transitable
D0289,-16.365517,-71.573141,valvula,transitable
D0290,-16.3788,-71.550849,bomba,transitable
D0291,-16.353063,-71.510381,valvula,obstaculo
D0292,-16.442805,-71.543052,bomba,transitable
D0293,-16.408985,-71.588032,valvula,transitable
D0294,-16.383056,-71.578955,bomba,transitable
D0295,-16.381922,-71.565135,bomba,transitable
D0296,-16.409417,-71.553021,tubo,transitable
D0297,-16.387881,-71.598378,valvula,transitable
D0298,-16.449118,-71.583296,bomba,transitable
D0299,-16.408349,-71.58914,tubo,transitable
D0300,-16.412344,-71.560003,bomba,transitable
D0301,-16.379882,-71.519199,bomba,transitable
D0302,-16.438657,-71.568951,valvula,obstaculo
D0303,-16.426602,-71.565715,tubo,transitable
D0304,-16.390652,-71.53044,valvula,transitable
D0305,-16.428188,-71.576906,valvula,obstaculo
D0306,-16.409781,-71.508542,tubo,transitable
D0307,-16.393471,-71.541721,bomba,transitable
D0308,-16.444367,-71.543004,tubo,transitable
D0309,-16.406755,-71.558956,bomba,transitable
D0310,-16.432684,-71.572721,valvula,obstaculo
D0311,-16.390849,-71.507739,valvula,transitable
D0312,-16.376421,-71.522129,valvula,transitable
D0313,-16.368144,-71.5654,valvula,transitable
D0314,-16.40196,-71.573398,tubo,transitable
D0315,-16.357116,-71.535665,tubo,transitable
D0316,-16.401907,-71.550955,valvula,transitable
D0317,-16.430102,-71.572424,bomba,transitable
D0318,-16.39116,-71.541482,tubo,transitable
D0319,-16.363275,-71.526691,bomba,obstaculo
D0320,-16.41941,-71.588728,tubo,transitable
D0321,-16.380905,-71.599456,valvula,obstaculo
D0322,-16.372021,-71.523303,bomba,transitable
D0323,-16.424884,-71.520742,valvula,obstaculo
D0324,-16.41596,-71.52886,valvula,obstaculo
D0325,-16.374993,-71.562818,valvula,transitable
D0326,-16.376738,-71.594436,valvula,obstaculo
D0327,-16.397955,-71.509552,bomba,transitable
D0328,-16.43099,-71.527077,valvula,transitable
D0329,-16.370358,-71.553576,valvula,transitable
D0330,-16.384323,-71.54099,bomba,transitable
D0331,-16.389448,-71.578209,bomba,transitable
D0332,-16.449121,-71.559517,tubo,transitable
D0333,-16.444349,-71.514795,tubo,obstaculo
D0334,-16.359674,-71.577169,tubo,transitable
D0335,-16.445568,-71.587293,bomba,obstaculo
D0336,-16.426107,-71.586464,tubo,transitable
D0337,-16.386627,-71.54006,tubo,transitable
D0338,-16.426061,-71.597927,tubo,obstaculo
D0339,-16.435574,-71.518951,valvula,obstaculo
D0340,-16.354434,-71.583363,tubo,transitable
D0341,-16.406788,-71.531938,tubo,transitable
D0342,-16.380454,-71.526117,valvula,obstaculo
D0343,-16.35161,-71.523632,bomba,transitable
D0344,-16.384054,-71.509646,tubo,transitable
D0345,-16.386261,-71.581863,valvula,transitable
D0346,-16.425846,-71.594001,bomba,obstaculo
D0347,-16.377463,-71.540617,tubo,transitable
D0348,-16.353958,-71.518497,valvula,obstaculo
D0349,-16.437841,-71.552155,bomba,transitable
D0350,-16.355692,-71.569231,bomba,transitable
D0351,-16.411925,-71.527501,valvula,transitable
D0352,-16.425899,-71.540798,valvula,transitable
D0353,-16.37985,-71.564599,bomba,obstaculo
D0354,-16.350232,-71.53439,bomba,transitable
D0355,-16.441227,-71.598139,valvula,transitable
D0356,-16.448026,-71.51752,valvula,obstaculo
D0357,-16.414824,-71.509566,tubo,obstaculo
D0358,-16.441426,-71.539747,tubo,transitable
D0359,-16.431762,-71.503647,valvula,transitable
D0360,-16.437598,-71.590566,valvula,transitable
D0361,-16.357479,-71.560134,bomba,transitable
D0362,-16.391665,-71.565341,tubo,transitable
D0363,-16.383002,-71.593217,valvula,transitable
D0364,-16.397692,-71.544162,bomba,transitable
D0365,-16.424311,-71.584244,tubo,obstaculo
D0366,-16.418858,-71.540882,bomba,transitable
D0367,-16.388698,-71.585538,bomba,transitable
D0368,-16.429013,-71.552966,bomba,transitable
D0369,-16.39884,-71.517749,tubo,transitable
D0370,-16.373231,-71.512417,tubo,transitable
D0371,-16.373295,-71.574437,valvula,obstaculo
D0372,-16.38647,-71.5372,valvula,transitable
D0373,-16.429623,-71.552267,bomba,obstaculo
D0374,-16.445771,-71.555331,tubo,obstaculo
D0375,-16.356294,-71.511766,valvula,transitable
D0376,-16.426796,-71.586673,valvula,transitable
D0377,-16.447352,-71.581333,tubo,transitable
D0378,-16.397475,-71.552927,tubo,obstaculo
D0379,-16.416606,-71.569882,valvula,transitable
D0380,-16.351051,-71.539926,valvula,transitable
D0381,-16.449931,-71.590041,valvula,transitable
D0382,-16.377942,-71.524513,valvula,transitable
D0383,-16.431022,-71.518175,bomba,transitable
D0384,-16.370518,-71.533476,valvula,obstaculo
D0385,-16.418256,-71.551208,bomba,transitable
D0386,-16.399189,-71.574123,valvula,transitable
D0387,-16.393928,-71.506539,bomba,obstaculo
D0388,-16.357451,-71.576918,bomba,transitable
D0389,-16.375049,-71.509702,tubo,transitable
D0390,-16.383782,-71.585348,tubo,transitable
D0391,-16.421941,-71.556053,valvula,transitable
D0392,-16.445534,-71.550331,valvula,obstaculo
D0393,-16.44572,-71.568423,tubo,transitable
D0394,-16.405916,-71.581313,valvula,transitable
D0395,-16.422825,-71.582253,tubo,transitable
D0396,-16.392448,-71.583079,bomba,obstaculo
D0397,-16.376504,-71.533265,valvula,transitable
D0398,-16.391889,-71.552755,bomba,transitable
D0399,-16.351031,-71.581902,valvula,obstaculo
D0400,-16.375961,-71.582417,bomba,obstaculo
D0401,-16.414278,-71.514331,valvula,transitable
D0402,-16.402528,-71.56087,bomba,transitable
D0403,-16.437608,-71.511888,valvula,transitable
D0404,-16.446858,-71.570748,tubo,transitable
D0405,-16.402953,-71.529873,tubo,transitable
D0406,-16.432368,-71.529206,tubo,transitable
D0407,-16.365176,-71.573263,tubo,transitable
D0408,-16.367164,-71.53685,tubo,transitable
D0409,-16.382068,-71.593229,valvula,transitable
D0410,-16.425177,-71.575034,valvula,transitable
D0411,-16.385482,-71.588876,bomba,obstaculo
D0412,-16.425017,-71.514552,tubo,transitable
D0413,-16.447183,-71.558296,tubo,transitable
D0414,-16.428982,-71.574327,valvula,transitable
D0415,-16.381815,-71.543618,tubo,transitable
D0416,-16.3794,-71.549912,tubo,transitable
D0417,-16.366039,-71.564882,bomba,transitable
D0418,-16.373275,-71.517985,bomba,transitable
D0419,-16.373451,-71.539512,bomba,obstaculo
D0420,-16.421514,-71.573537,bomba,transitable
D0421,-16.387546,-71.517199,valvula,transitable
D0422,-16.397373,-71.585921,bomba,transitable
D0423,-16.389726,-71.549748,tubo,transitable
D0424,-16.435907,-71.57453,valvula,transitable
D0425,-16.374092,-71.571594,bomba,transitable
D0426,-16.364654,-71.51314,tubo,obstaculo
D0427,-16.417301,-71.564719,valvula,obstaculo
D0428,-16.368224,-71.537296,tubo,obstaculo
D0429,-16.439066,-71.513719,bomba,transitable
D0430,-16.430843,-71.518703,valvula,transitable
D0431,-16.408003,-71.571726,tubo,transitable
D0432,-16.44759,-71.598733,bomba,transitable
D0433,-16.377372,-71.537836,valvula,obstaculo
D0434,-16.39673,-71.594488,tubo,transitable
D0435,-16.43826,-71.562007,tubo,obstaculo
D0436,-16.376929,-71.520517,bomba,transitable
D0437,-16.373118,-71.571919,bomba,transitable
D0438,-16.419219,-71.50933,tubo,obstaculo
D0439,-16.351367,-71.588604,bomba,obstaculo
D0440,-16.351325,-71.551304,tubo,transitable
D0441,-16.410279,-71.591144,valvula,obstaculo
D0442,-16.415104,-71.50162,valvula,obstaculo
D0443,-16.369211,-71.504932,tubo,transitable
D0444,-16.359085,-71.545191,tubo,transitable
D0445,-16.43778,-71.55795,tubo,transitable
D0446,-16.444185,-71.530262,valvula,transitable
D0447,-16.41606,-71.528768,tubo,obstaculo
D0448,-16.371588,-71.528638,bomba,transitable
D0449,-16.43186,-71.522183,tubo,obstaculo
D0450,-16.408318,-71.542824,tubo,transitable
D0451,-16.36441,-71.593068,bomba,transitable
D0452,-16.351035,-71.559211,valvula,obstaculo
D0453,-16.419885,-71.540505,tubo,transitable
D0454,-16.399652,-71.572235,valvula,transitable
D0455,-16.402212,-71.530563,bomba,transitable
D0456,-16.435406,-71.592287,valvula,transitable
D0457,-16.358578,-71.520296,tubo,transitable
D0458,-16.409983,-71.592774,tubo,obstaculo
D0459,-16.441706,-71.537676,bomba,transitable
D0460,-16.379686,-71.580437,bomba,obstaculo
D0461,-16.42728,-71.592111,tubo,transitable
D0462,-16.377692,-71.505381,tubo,transitable
D0463,-16.402012,-71.543388,tubo,transitable
D0464,-16.387686,-71.552266,tubo,transitable
D0465,-16.388835,-71.590681,tubo,obstaculo
D0466,-16.389444,-71.582635,bomba,transitable
D0467,-16.438901,-71.535285,bomba,transitable
D0468,-16.387722,-71.52765,bomba,transitable
D0469,-16.421744,-71.557917,valvula,obstaculo
D0470,-16.357949,-71.575751,tubo,transitable
D0471,-16.371615,-71.54656,bomba,obstaculo
D0472,-16.4468,-71.598166,tubo,obstaculo
D0473,-16.425408,-71.553886,tubo,transitable
D0474,-16.374523,-71.53859,bomba,transitable
D0475,-16.378556,-71.557465,tubo,transitable
D0476,-16.398785,-71.561811,bomba,transitable
D0477,-16.409183,-71.560609,valvula,obstaculo
D0478,-16.39748,-71.539793,bomba,transitable
D0479,-16.377803,-71.51627,tubo,transitable
D0480,-16.403389,-71.587656,bomba,obstaculo
D0481,-16.400966,-71.534637,bomba,transitable
D0482,-16.362532,-71.524556,tubo,obstaculo
D0483,-16.378046,-71.578244,valvula,transitable
D0484,-16.439784,-71.591402,tubo,transitable
D0485,-16.434163,-71.56654,valvula,transitable
D0486,-16.433694,-71.507761,valvula,transitable
D0487,-16.398771,-71.594607,tubo,obstaculo
D0488,-16.430083,-71.582449,valvula,transitable
D0489,-16.355406,-71.542935,bomba,obstaculo
D0490,-16.384454,-71.552786,valvula,transitable
D0491,-16.394053,-71.524,valvula,obstaculo
D0492,-16.363332,-71.599008,valvula,obstaculo
D0493,-16.369496,-71.594155,valvula,transitable
D0494,-16.431977,-71.555588,bomba,obstaculo
D0495,-16.425111,-71.584767,tubo,transitable
D0496,-16.449738,-71.511499,tubo,transitable
D0497,-16.410251,-71.553429,valvula,transitable
D0498,-16.365685,-71.533245,tubo,transitable
D0499,-16.404267,-71.522861,bomba,obstaculo
D0500,-16.439779,-71.563078,bomba,transitable
>>>>>>> b912c95c97b292f86504e398633316f2cc79ddc4
